Type,Rent,City,Suburb
Departamento,7000.00, Guadalajara , LAS TORRES 
Casa,15000.00, Tlajomulco , BOSQUE REAL DE SANTA ANITA 
Casa,15000.00, Tlajomulco , BOSQUE REAL DE SANTA ANITA 
Departamento,16500.00, Tlajomulco , LA RIOJA 
Departamento,17500.00, Guadalajara , JARDINES DEL BOSQUE 
Departamento,18500.00, Guadalajara , ARCOS VALLARTA 
Casa,25000.00, Zapopan , VICTORIA 
Departamento,33000.00, Guadalajara , PRADOS PROVIDENCIA 
Departamento,33000.00, Guadalajara , PRADOS PROVIDENCIA 
Departamento,4500.00, Tlaquepaque , VILLAS FONTANA 
Departamento,7000.00, Guadalajara , LAS TORRES 
Casa,8000.00, Tlajomulco , FORESTA SANTA ANITA 
Departamento,8000.00, Guadalajara , PRADOS PROVIDENCIA 
Casa,8500.00, Zapopan , JARDINES DEL VALLE 
Casa,9000.00, Tlajomulco , VILLA CALIFORNIA 
Casa,9000.00, Tlajomulco , VILLA CALIFORNIA 
Departamento,9500.00, Zapopan , JARDINES DE GUADALUPE 
Departamento,9500.00, Zapopan , JARDINES DE GUADALUPE 
Casa,9500.00, Tlaquepaque , PARQUES DEL BOSQUE 
Casa,9500.00, Tlajomulco , VILLA CALIFORNIA 
Casa,9500.00, Tlajomulco , VILLA CALIFORNIA 
Casa,10000.00, Tlaquepaque , PARQUES DEL BOSQUE 
Casa,10000.00, Tlajomulco , SENDEROS DE MONTE VERDE 
Casa,10500.00, Tlajomulco , EL ORIGEN RESIDENCIAL 
Casa,10500.00, Tlajomulco , EL ORIGEN RESIDENCIAL 
Casa,10500.00, Zapopan , REAL DE VALDEPEÑAS 
Casa,10500.00, Zapopan , REAL DE VALDEPEÑAS 
Departamento,10500.00, Zapopan , VALLE REAL 
Casa,10700.00, Tlajomulco , BOSQUES DE SANTA ANITA 
Casa,11500.00, Zapopan , REAL DE VALDEPEÑAS 
Casa,11500.00, Zapopan , REAL DE VALDEPEÑAS 
Departamento,12000.00, Guadalajara , LA AURORA 
Departamento,12000.00, Guadalajara , LA AURORA 
Departamento,13000.00, Guadalajara , JARDINES DEL BOSQUE 
Departamento,13000.00, Guadalajara , PROVIDENCIA 4a SECCION 
Departamento,13000.00, Zapopan , VILLA UNIVERSITARIA 
Departamento,13000.00, Zapopan , VILLA UNIVERSITARIA 
Departamento,13200.00, Tlaquepaque , PAISAJES DEL TESORO 
Casa,14000.00, Tlajomulco , BOSQUES DE SANTA ANITA 
Casa,14000.00, Tlajomulco , BOSQUES DE SANTA ANITA 
Casa,14000.00, Zapopan , LOMA BONITA 
Casa,14000.00, Zapopan , LOMA BONITA 
Departamento,15000.00, Guadalajara , AYUNTAMIENTO 
Casa,15000.00, Tlajomulco , BOSQUES DE SANTA ANITA 
Departamento,15000.00, Zapopan , CIUDAD DEL SOL 
Casa,15000.00, Zapopan , CIUDAD GRANJA 
Casa,15000.00, Zapopan , CIUDAD GRANJA 
Departamento,15000.00, Zapopan , JARDINES DEL SOL 
Departamento,15000.00, Zapopan , JARDINES DEL SOL 
Departamento,15000.00, Zapopan , JARDINES UNIVERSIDAD 
Departamento,15900.00, Guadalajara , AMERICANA 
Departamento,15900.00, Guadalajara , AMERICANA 
Departamento,16000.00, Guadalajara , COUNTRY CLUB 
Departamento,16000.00, Guadalajara , COUNTRY CLUB 
Departamento,16000.00, Tlajomulco , LA RIOJA 
Casa,16000.00, Zapopan , PLAZA GUADALUPE 
Casa,16000.00, Zapopan , VALLE IMPERIAL 
Departamento,16000.00, Guadalajara , ZONA CENTRO 
Departamento,16000.00, Guadalajara , ZONA CENTRO 
Departamento,16500.00, Zapopan , CIUDAD GRANJA 
Departamento,16500.00, Zapopan , CIUDAD GRANJA 
Casa,16500.00, Zapopan , SANTILLANA 
Casa,16900.00, Tlajomulco , BOSQUE CEDROS SANTA ANITA 
Casa,16900.00, Tlajomulco , BOSQUE CEDROS SANTA ANITA 
Casa,17000.00, Zapopan , CIUDAD BUGAMBILIAS 
Casa,17000.00, Zapopan , CIUDAD BUGAMBILIAS 
Departamento,17000.00, Zapopan , CIUDAD GRANJA 
Departamento,17000.00, Zapopan , CIUDAD GRANJA 
Casa,17000.00, Zapopan , JARDIN REAL 
Casa,17000.00, Zapopan , JARDIN REAL 
Casa,17000.00, Tlajomulco , LA RIOJA 
Departamento,17000.00, Tlaquepaque , PAISAJES DEL TESORO 
Casa,17000.00, Zapopan , VILLA UNIVERSITARIA 
Casa,17000.00, Zapopan , VILLA UNIVERSITARIA 
Departamento,17000.00, Guadalajara , ZONA CENTRO 
Departamento,17500.00, Zapopan , CHAPALITA ORIENTE 
Departamento,17500.00, Zapopan , CHAPALITA ORIENTE 
Departamento,17500.00, Guadalajara , JARDINES DEL BOSQUE 
Departamento,17500.00, Guadalajara , JARDINES DEL BOSQUE 
Casa,17500.00, Zapopan , VALLE IMPERIAL 
Departamento,18000.00, Guadalajara , AYUNTAMIENTO 
Departamento,18000.00, Zapopan , JACARANDAS 
Departamento,18000.00, Zapopan , JACARANDAS 
Departamento,18000.00, Zapopan , JUAN MANUEL VALLARTA 
Departamento,18000.00, Zapopan , JUAN MANUEL VALLARTA 
Departamento,18000.00, Guadalajara , LADRON DE GUEVARA 
Casa,18000.00, Zapopan , LOMAS DE GUADALUPE 
Casa,18000.00, Zapopan , LOMAS DE GUADALUPE 
Departamento,18000.00, Guadalajara , ZONA CENTRO 
Departamento,18000.00, Guadalajara , ZONA CENTRO 
Departamento,18323.00, Guadalajara , COUNTRY CLUB 
Departamento,18500.00, Guadalajara , AMERICANA 
Departamento,18500.00, Guadalajara , AMERICANA 
Departamento,18500.00, Zapopan , ARCOS DE GUADALUPE 
Departamento,18500.00, Guadalajara , ARCOS VALLARTA 
Casa,18500.00, Tlajomulco , LA RIOJA 
Casa,18500.00, Tlajomulco , LA RIOJA 
Casa,18500.00, Zapopan , MIRADOR DEL SOL 
Departamento,18500.00, Guadalajara , PROVIDENCIA 4a SECCION 
Departamento,18500.00, Guadalajara , PROVIDENCIA 4a SECCION 
Casa,18500.00, Zapopan , VALLE ESMERALDA 
Departamento,19000.00, Guadalajara , AMERICANA 
Departamento,19000.00, Guadalajara , AMERICANA 
Departamento,19000.00, Guadalajara , COLOMOS PROVIDENCIA 
Departamento,19000.00, Guadalajara , COLOMOS PROVIDENCIA 
Casa,19000.00, Zapopan , JARDIN REAL 
Casa,19000.00, Zapopan , JARDIN REAL 
Departamento,19000.00, Zapopan , JUAN MANUEL VALLARTA 
Departamento,19000.00, Zapopan , JUAN MANUEL VALLARTA 
Casa,19000.00, Zapopan , PARQUE REGENCY 
Casa,19000.00, Zapopan , PARQUE REGENCY 
Departamento,19000.00, Guadalajara , PROVIDENCIA 3a SECCION 
Departamento,19500.00, Zapopan , ATLAS CHAPALITA 
Departamento,19500.00, Zapopan , ATLAS CHAPALITA 
Departamento,19500.00, Guadalajara , VALLARTA NORTE 
Departamento,19500.00, Guadalajara , VALLARTA NORTE 
Departamento,20000.00, Zapopan , CIUDAD GRANJA 
Departamento,20000.00, Zapopan , CIUDAD GRANJA 
Departamento,20000.00, Guadalajara , COUNTRY CLUB 
Departamento,20000.00, Guadalajara , COUNTRY CLUB 
Departamento,20000.00, Guadalajara , COUNTRY CLUB 
Departamento,20000.00, Guadalajara , PROVIDENCIA 2a SECCION 
Departamento,20000.00, Guadalajara , VALLARTA NORTE 
Departamento,20000.00, Guadalajara , VALLARTA NORTE 
Departamento,20000.00, Zapopan , VALLE REAL 
Departamento,20000.00, Zapopan , VALLE REAL 
Departamento,20000.00, Zapopan , VALLE REAL 
Departamento,20500.00, Guadalajara , COLOMOS PROVIDENCIA 
Departamento,20500.00, Guadalajara , COLOMOS PROVIDENCIA 
Departamento,20500.00, Zapopan , TORRES CIBELES 
Departamento,20500.00, Zapopan , TORRES CIBELES 
Casa,21000.00, Zapopan , ARCOS DE ZAPOPAN 
Departamento,21000.00, Guadalajara , ARCOS VALLARTA 
Departamento,21000.00, Guadalajara , ARCOS VALLARTA 
Departamento,21000.00, Zapopan , CAMINO REAL 
Departamento,21000.00, Zapopan , CAMINO REAL 
Departamento,21000.00, Zapopan , CIUDAD GRANJA 
Departamento,21000.00, Zapopan , CIUDAD GRANJA 
Departamento,21000.00, Guadalajara , MONRAZ 
Departamento,21000.00, Guadalajara , MONRAZ 
Casa,21000.00, Zapopan , SANTILLANA 
Casa,21000.00, Zapopan , SANTILLANA 
Departamento,21000.00, Zapopan , VALLE REAL 
Departamento,21000.00, Zapopan , VALLE REAL 
Departamento,21500.00, Zapopan , PUERTA DE HIERRO 
Departamento,21500.00, Zapopan , PUERTA DE HIERRO 
Departamento,22000.00, Zapopan , ARCOS DE GUADALUPE 
Departamento,22000.00, Guadalajara , COLINAS DE SAN JAVIER 
Departamento,22000.00, Guadalajara , COLINAS DE SAN JAVIER 
Departamento,22000.00, Guadalajara , COLOMOS PROVIDENCIA 
Departamento,22000.00, Guadalajara , COLOMOS PROVIDENCIA 
Departamento,22000.00, Guadalajara , COUNTRY CLUB 
Departamento,22000.00, Guadalajara , COUNTRY CLUB 
Casa,22000.00, Tlajomulco , EL MANANTIAL 
Casa,22000.00, Tlajomulco , EL MANANTIAL 
Departamento,22000.00, Zapopan , LOMAS ALTAS 
Departamento,22000.00, Zapopan , LOMAS ALTAS 
Departamento,22000.00, Guadalajara , MONRAZ 
Departamento,22000.00, Guadalajara , MONRAZ 
Departamento,22000.00, Zapopan , VALLE REAL 
Departamento,22256.00, Guadalajara , COUNTRY CLUB 
Departamento,22500.00, Guadalajara , MONRAZ 
Departamento,23000.00, Zapopan , CAMINO REAL 
Casa,23000.00, Zapopan , CIUDAD BUGAMBILIAS 
Casa,23000.00, Zapopan , CIUDAD BUGAMBILIAS 
Departamento,23000.00, Guadalajara , COLINAS DE SAN JAVIER 
Departamento,23000.00, Guadalajara , COLINAS DE SAN JAVIER 
Departamento,23000.00, Guadalajara , COUNTRY CLUB 
Departamento,23000.00, Guadalajara , COUNTRY CLUB 
Departamento,23000.00, Guadalajara , COUNTRY CLUB 
Casa,23000.00, Zapopan , JARDIN REAL 
Departamento,23000.00, Guadalajara , LOMAS DE PROVIDENCIA 
Departamento,23000.00, Zapopan , PUERTA DE HIERRO 
Departamento,23000.00, Zapopan , PUERTA DE HIERRO 
Departamento,23500.00, Guadalajara , COLOMOS PROVIDENCIA 
Departamento,23500.00, Guadalajara , COLOMOS PROVIDENCIA 
Departamento,24000.00, Guadalajara , ARCOS VALLARTA 
Departamento,24000.00, Guadalajara , COLINAS DE SAN JAVIER 
Departamento,24000.00, Guadalajara , COUNTRY CLUB 
Departamento,24000.00, Guadalajara , COUNTRY CLUB 
Departamento,24000.00, Guadalajara , COUNTRY CLUB 
Casa,24000.00, Zapopan , JARDIN REAL 
Departamento,24000.00, Guadalajara , LADRON DE GUEVARA 
Departamento,24000.00, Guadalajara , PRADOS PROVIDENCIA 
Departamento,24000.00, Guadalajara , PRADOS PROVIDENCIA 
Departamento,24000.00, Zapopan , PUERTA DE HIERRO 
Departamento,24000.00, Zapopan , PUERTA DE HIERRO 
Departamento,24500.00, Guadalajara , AMERICANA 
Casa,24500.00, Tlajomulco , CONDOMINIO CAMPO DE GOLF SANTA ANITA 
Departamento,25000.00, Guadalajara , AMERICANA 
Departamento,25000.00, Guadalajara , AMERICANA 
Departamento,25000.00, Zapopan , CAMINO REAL 
Departamento,25000.00, Zapopan , CAMINO REAL 
Departamento,25000.00, Zapopan , CAMINO REAL 
Casa,25000.00, Zapopan , CIUDAD BUGAMBILIAS 
Departamento,25000.00, Guadalajara , COLINAS DE SAN JAVIER 
Departamento,25000.00, Guadalajara , COLINAS DE SAN JAVIER 
Departamento,25000.00, Guadalajara , COLOMOS PROVIDENCIA 
Departamento,25000.00, Guadalajara , COLOMOS PROVIDENCIA 
Departamento,25000.00, Guadalajara , COUNTRY CLUB 
Departamento,25000.00, Guadalajara , COUNTRY CLUB 
Departamento,25000.00, Guadalajara , COUNTRY CLUB 
Departamento,25000.00, Guadalajara , COUNTRY CLUB 
Departamento,25000.00, Guadalajara , COUNTRY CLUB 
Departamento,25000.00, Guadalajara , COUNTRY CLUB 
Departamento,25000.00, Guadalajara , COUNTRY CLUB 
Departamento,25000.00, Guadalajara , COUNTRY CLUB 
Casa,25000.00, Tlajomulco , EL MANANTIAL 
Casa,25000.00, Tlajomulco , EL MANANTIAL 
Casa,25000.00, Zapopan , JARDIN REAL 
Departamento,25000.00, Guadalajara , LADRON DE GUEVARA 
Departamento,25000.00, Guadalajara , LADRON DE GUEVARA 
Departamento,25000.00, Guadalajara , LADRON DE GUEVARA 
Departamento,25000.00, Guadalajara , LADRON DE GUEVARA 
Departamento,25000.00, Guadalajara , LADRON DE GUEVARA 
Departamento,25000.00, Zapopan , LOMAS ALTAS 
Departamento,25000.00, Guadalajara , MONRAZ 
Departamento,25000.00, Guadalajara , PRADOS PROVIDENCIA 
Departamento,25000.00, Guadalajara , PRADOS PROVIDENCIA 
Departamento,25000.00, Guadalajara , PROVIDENCIA 4a SECCION 
Departamento,25000.00, Zapopan , PUERTA DE HIERRO 
Departamento,25000.00, Zapopan , PUERTA DE HIERRO 
Departamento,25000.00, Guadalajara , VALLARTA SAN JORGE 
Departamento,25000.00, Guadalajara , VALLARTA SAN JORGE 
Departamento,25000.00, Zapopan , VALLE REAL 
Departamento,25000.00, Zapopan , VALLE REAL 
Casa,25000.00, Zapopan , VIRREYES 
Casa,25000.00, Zapopan , VIRREYES 
Departamento,25500.00, Zapopan , LOMAS ALTAS 
Departamento,25500.00, Zapopan , LOMAS ALTAS 
Departamento,26000.00, Guadalajara , COLOMOS PROVIDENCIA 
Departamento,26000.00, Guadalajara , COLOMOS PROVIDENCIA 
Departamento,26000.00, Guadalajara , LADRON DE GUEVARA 
Departamento,26000.00, Zapopan , LOMAS ALTAS 
Departamento,26000.00, Zapopan , LOMAS ALTAS 
Departamento,26000.00, Guadalajara , PRADOS PROVIDENCIA 
Departamento,26000.00, Guadalajara , PRADOS PROVIDENCIA 
Departamento,26000.00, Guadalajara , PRADOS PROVIDENCIA 
Departamento,26000.00, Guadalajara , PROVIDENCIA 
Departamento,26000.00, Guadalajara , PROVIDENCIA 
Departamento,26000.00, Guadalajara , PROVIDENCIA 4a SECCION 
Departamento,26000.00, Guadalajara , PROVIDENCIA 4a SECCION 
Departamento,26000.00, Zapopan , PUERTA DE HIERRO 
Departamento,26000.00, Zapopan , PUERTA DE HIERRO 
Departamento,26000.00, Zapopan , PUERTA DE HIERRO 
Departamento,26000.00, Guadalajara , VALLARTA SAN JORGE 
Departamento,26000.00, Zapopan , VALLE REAL 
Departamento,26000.00, Zapopan , VALLE REAL 
Departamento,26673.00, Guadalajara , COUNTRY CLUB 
Departamento,27000.00, Guadalajara , COLINAS DE SAN JAVIER 
Departamento,27000.00, Guadalajara , COLINAS DE SAN JAVIER 
Departamento,27000.00, Guadalajara , COUNTRY CLUB 
Departamento,27000.00, Guadalajara , COUNTRY CLUB 
Departamento,27000.00, Guadalajara , MONRAZ 
Departamento,27000.00, Guadalajara , PRADOS PROVIDENCIA 
Departamento,27000.00, Guadalajara , PRADOS PROVIDENCIA 
Departamento,27000.00, Zapopan , PUERTA DE HIERRO 
Departamento,27000.00, Zapopan , PUERTA DE HIERRO 
Departamento,27000.00, Zapopan , PUERTA DE HIERRO 
Departamento,27000.00, Zapopan , PUERTA DE HIERRO 
Casa,27500.00, Tlajomulco , LOS GAVILANES 
Casa,28000.00, Zapopan , CIUDAD GRANJA 
Casa,28000.00, Zapopan , CIUDAD GRANJA 
Departamento,28000.00, Guadalajara , COLINAS DE SAN JAVIER 
Departamento,28000.00, Guadalajara , COLINAS DE SAN JAVIER 
Departamento,28000.00, Guadalajara , COUNTRY CLUB 
Departamento,28000.00, Guadalajara , COUNTRY CLUB 
Departamento,28000.00, Guadalajara , COUNTRY CLUB 
Departamento,28000.00, Guadalajara , COUNTRY CLUB 
Departamento,28000.00, Guadalajara , COUNTRY CLUB 
Departamento,28000.00, Guadalajara , JARDINES DEL BOSQUE 
Departamento,28000.00, Zapopan , PUERTA DE HIERRO 
Departamento,28000.00, Zapopan , PUERTA DE HIERRO 
Departamento,28000.00, Zapopan , PUERTA DE HIERRO 
Departamento,28000.00, Zapopan , VALLE REAL 
Departamento,28000.00, Zapopan , VALLE REAL 
Departamento,28500.00, Zapopan , PUERTA DE HIERRO 
Departamento,28500.00, Zapopan , PUERTA DE HIERRO 
Departamento,29000.00, Guadalajara , JARDINES DEL BOSQUE 
Casa,29000.00, Zapopan , LA CIMA 
Departamento,29000.00, Zapopan , LOMAS ALTAS 
Departamento,29000.00, Zapopan , VALLE REAL 
Departamento,29000.00, Zapopan , VALLE REAL 
Departamento,29800.00, Zapopan , PUERTA DE HIERRO 
Departamento,29800.00, Zapopan , PUERTA DE HIERRO 
Departamento,30000.00, Zapopan , COLINAS DE SAN JAVIER 
Departamento,30000.00, Guadalajara , COLINAS DE SAN JAVIER 
Departamento,30000.00, Guadalajara , COLINAS DE SAN JAVIER 
Departamento,30000.00, Guadalajara , COLINAS DE SAN JAVIER 
Departamento,30000.00, Guadalajara , COUNTRY CLUB 
Departamento,30000.00, Guadalajara , COUNTRY CLUB 
Departamento,30000.00, Guadalajara , COUNTRY CLUB 
Casa,30000.00, Tlajomulco , EL PALOMAR 
Casa,30000.00, Zapopan , JARDIN REAL 
Departamento,30000.00, Zapopan , PUERTA DE HIERRO 
Departamento,30000.00, Zapopan , PUERTA DE HIERRO 
Departamento,30000.00, Zapopan , PUERTA DE HIERRO 
Departamento,30000.00, Zapopan , PUERTA DE HIERRO 
Departamento,30000.00, Zapopan , SANTA FE 
Departamento,30000.00, Guadalajara , VALLARTA SAN JORGE 
Departamento,30000.00, Guadalajara , VALLARTA SAN JORGE 
Departamento,30000.00, Zapopan , VALLE REAL 
Departamento,30000.00, Zapopan , VALLE REAL 
Departamento,30500.00, Zapopan , LOMAS ALTAS 
Departamento,31000.00, Guadalajara , PROVIDENCIA 4a SECCION 
Departamento,31000.00, Guadalajara , VALLARTA SAN JORGE 
Departamento,32000.00, Guadalajara , COLINAS DE SAN JAVIER 
Departamento,32000.00, Guadalajara , COLINAS DE SAN JAVIER 
Departamento,32000.00, Guadalajara , COUNTRY CLUB 
Departamento,32000.00, Guadalajara , COUNTRY CLUB 
Departamento,32000.00, Zapopan , PUERTA DE HIERRO 
Departamento,32000.00, Zapopan , PUERTA DE HIERRO 
Departamento,32000.00, Zapopan , PUERTA DE HIERRO 
Departamento,32000.00, Zapopan , PUERTA DE HIERRO 
Departamento,32000.00, Zapopan , PUERTA DE HIERRO 
Departamento,32000.00, Zapopan , PUERTA DE HIERRO 
Departamento,33000.00, Guadalajara , COUNTRY CLUB 
Departamento,33000.00, Guadalajara , PRADOS PROVIDENCIA 
Departamento,33000.00, Guadalajara , PRADOS PROVIDENCIA 
Departamento,33000.00, Guadalajara , PRADOS PROVIDENCIA 
Departamento,33000.00,Guadalajara,PROVIDENCIA 2a SECCION
Departamento,33000.00, Zapopan , PUERTA DE HIERRO 
Departamento,33000.00, Zapopan , PUERTA DE HIERRO 
Departamento,34000.00, Zapopan , PUERTA DE HIERRO 
Departamento,34000.00, Zapopan , PUERTA DE HIERRO 
Departamento,34712.00, Guadalajara , COUNTRY CLUB 
Casa,35000.00, Zapopan , CIUDAD DE LOS NIÑOS 
Casa,35000.00, Zapopan , CIUDAD DEL SOL 
Departamento,35000.00, Guadalajara , COUNTRY CLUB 
Departamento,35000.00, Guadalajara , COUNTRY CLUB 
Departamento,35000.00, Guadalajara , COUNTRY CLUB 
Departamento,35000.00, Guadalajara , COUNTRY CLUB 
Departamento,35000.00, Guadalajara , COUNTRY CLUB 
Departamento,35000.00, Zapopan , JUAN MANUEL VALLARTA 
Departamento,35000.00, Zapopan , JUAN MANUEL VALLARTA 
Departamento,35000.00, Zapopan , LAS CUMBRES 
Casa,35000.00, Zapopan , LOS PINOS 
Departamento,35000.00, Zapopan , PUERTA DE HIERRO 
Departamento,35000.00, Zapopan , PUERTA DE HIERRO 
Departamento,35000.00, Zapopan , PUERTA DE HIERRO 
Departamento,35000.00, Zapopan , PUERTA DE HIERRO 
Departamento,35000.00, Zapopan , PUERTA DE HIERRO 
Departamento,35000.00, Zapopan , PUERTA DE HIERRO 
Departamento,35000.00, Zapopan , PUERTA DE HIERRO 
Departamento,35000.00, Zapopan , PUERTA DE HIERRO 
Departamento,35000.00, Zapopan , PUERTA DE HIERRO 
Departamento,35000.00, Zapopan , PUERTA DE HIERRO 
Departamento,35000.00, Zapopan , VALLE REAL 
Departamento,35000.00, Zapopan , VALLE REAL 
Departamento,35000.00, Zapopan , VALLE REAL 
Departamento,35600.00, Guadalajara , COUNTRY CLUB 
Casa,38000.00, Zapopan , PINAR DE LA VENTA 
Casa,38000.00, Zapopan , VALLE REAL 
Casa,38000.00, Zapopan , VALLE REAL 
Casa,40000.00, Zapopan , CIUDAD DEL SOL 
Casa,40000.00, Zapopan , CIUDAD DEL SOL 
Casa,40000.00, Tlajomulco , CONDOMINIO CAMPO DE GOLF SANTA ANITA 
Casa,40000.00, Tlajomulco , CONDOMINIO CAMPO DE GOLF SANTA ANITA 
Departamento,40000.00, Guadalajara , COUNTRY CLUB 
Departamento,40000.00, Guadalajara , COUNTRY CLUB 
Departamento,40000.00, Guadalajara , OBRERA 
Departamento,40000.00, Guadalajara , OBRERA 
Departamento,40000.00, Zapopan , PUERTA DE HIERRO 
Departamento,40000.00, Zapopan , PUERTA DE HIERRO 
Departamento,40000.00, Zapopan , PUERTA DE HIERRO 
Departamento,40000.00, Zapopan , PUERTA DE HIERRO 
Casa,40000.00, Zapopan , PUERTA DEL ROBLE 
Casa,40000.00, Zapopan , PUERTA DEL ROBLE 
Casa,40000.00, Zapopan , SANTA ISABEL 
Casa,40000.00, Zapopan , SANTA ISABEL 
Departamento,42000.00, Zapopan , PUERTA DE HIERRO 
Departamento,42000.00, Zapopan , PUERTA DE HIERRO 
Departamento,42000.00, Zapopan , PUERTA DE HIERRO 
Casa,43000.00, Zapopan , ALTAMIRA 
Casa,45000.00, Zapopan , CIUDAD DEL SOL 
Casa,45000.00, Zapopan , CIUDAD DEL SOL 
Casa,45000.00, Zapopan , CIUDAD DEL SOL 
Departamento,45000.00, Guadalajara , COUNTRY CLUB 
Departamento,45000.00, Guadalajara , COUNTRY CLUB 
Departamento,45000.00, Zapopan , PUERTA DE HIERRO 
Departamento,45000.00, Zapopan , PUERTA DE HIERRO 
Casa,45000.00, Zapopan , VALLE REAL 
Casa,45000.00, Zapopan , VALLE REAL 
Casa,45000.00, Zapopan , VALLE REAL 
Departamento,49000.00, Zapopan , PUERTA DE HIERRO 
Departamento,49000.00, Zapopan , PUERTA DE HIERRO 
Departamento,50000.00, Guadalajara , COUNTRY CLUB 
Departamento,50000.00, Guadalajara , COUNTRY CLUB 
Casa,53000.00, Zapopan , VALLE REAL 
Casa,55000.00, Zapopan , VALLE REAL 
Casa,55000.00, Zapopan , VALLE REAL 
Casa,58500.00, Zapopan , VALLE REAL 
Casa,60000.00, Zapopan , CENTRO 
Departamento,60000.00, Zapopan , PUERTA DE HIERRO 
Departamento,60000.00, Zapopan , PUERTA DE HIERRO 
Departamento,60000.00, Zapopan , PUERTA DE HIERRO 
Casa,65000.00, Zapopan , PUERTA DE HIERRO 
Casa,65000.00, Zapopan , PUERTA DE HIERRO 
Casa,65000.00, Zapopan , PUERTA DE HIERRO 
Casa,65000.00, Zapopan , PUERTA DE HIERRO 
Departamento,68000.00, Guadalajara , COLINAS DE SAN JAVIER 
Departamento,70000.00, Guadalajara , COLINAS DE SAN JAVIER 
Departamento,70000.00, Zapopan , COLINAS DE SAN JAVIER 
Departamento,3400.00, Tlaquepaque , TOLUQUILLA 
Casa,3700.00, Tlajomulco , REAL DEL VALLE 
Departamento,4500.00, Tlaquepaque , VILLAS FONTANA 
Departamento,5000.00, Tlajomulco , VILLA FONTANA AQUA 
Casa,5000.00, Tlaquepaque , VILLAS FONTANA 
Casa,5400.00, Tlaquepaque , VILLAS FONTANA 
Casa,5500.00, Tlaquepaque , VILLAS FONTANA 
Departamento,5900.00, Tlajomulco , RENACERES 
Casa,6000.00, Tlaquepaque , LAS TERRAZAS 
Casa,6600.00, El Salto , PARQUES DEL CASTILLO 
Casa,7500.00, Guadalajara , LOMAS DEL PARADERO 
Departamento,8000.00, Guadalajara , MEZQUITAN 
Casa,8300.00, Tlaquepaque , LAS TERRAZAS 
Casa,8500.00, Guadalajara , INDEPENDENCIA 
Casa,9000.00, Tlaquepaque , CENTRO 
Departamento,12750.00, Tlajomulco , DEL PILAR RESIDENCIAL 
Departamento,15000.00, Tlajomulco , EL PALOMAR 
Casa,15400.00, Zapopan , HACIENDA DEL TEPEYAC 
Departamento,16000.00, Zapopan , CIUDAD GRANJA 
Departamento,16500.00, Zapopan , CIUDAD GRANJA 
Departamento,16898.00, Guadalajara , COUNTRY CLUB 
Departamento,17500.00, Guadalajara , JARDINES DEL BOSQUE 
Departamento,17900.00, Tlaquepaque , PAISAJES DEL TESORO 
Departamento,18500.00, Guadalajara , ARCOS VALLARTA 
Departamento,18750.00, Tlajomulco , LA RIOJA 
Departamento,19000.00, Guadalajara , AMERICANA 
Casa,19000.00, Guadalajara , AMERICANA 
Departamento,19700.00, Tlaquepaque , PAISAJES DEL TESORO 
Departamento,20000.00, Guadalajara , AMERICANA 
Casa,20000.00, Guadalajara , MEXICALTZINGO 
Departamento,20000.00, Zapopan , VALLE REAL 
Departamento,22000.00, Guadalajara , AMERICANA 
Casa,22000.00, Zapopan , SOLARES 
Casa,22000.00, Zapopan , SOLARES 
Casa,22000.00, Zapopan , SOLARES 
Departamento,23000.00, Guadalajara , ARCOS VALLARTA 
Departamento,23258.00, Guadalajara , COUNTRY CLUB 
Departamento,23858.00, Guadalajara , COUNTRY CLUB 
Departamento,25000.00, Guadalajara , AMERICANA 
Departamento,25000.00, Zapopan , LOMAS ALTAS 
Casa,25000.00, Guadalajara , MORELOS 
Departamento,25000.00, Guadalajara , PROVIDENCIA 
Departamento,25000.00, Guadalajara , PROVIDENCIA 
Casa,25000.00, Zapopan , SOLARES 
Departamento,25000.00, Guadalajara , VALLARTA SAN JORGE 
Casa,27500.00, Tlajomulco , LOS GAVILANES 
Casa,27500.00, Tlajomulco , LOS GAVILANES 
Departamento,28000.00, Zapopan , PUERTA DE HIERRO 
Casa,30000.00, Guadalajara , CENTRO 
Departamento,33512.00, Guadalajara , COUNTRY CLUB 
Casa,34000.00, Zapopan , VALLE REAL 
Departamento,35000.00, Zapopan , PUERTA DE HIERRO 
Departamento,40000.00, Zapopan , PUERTA DE HIERRO 
Departamento,40000.00, Zapopan , PUERTA DE HIERRO 
Casa,45000.00, Zapopan , CIUDAD DEL SOL 
Casa,45000.00, Zapopan , CIUDAD DEL SOL 
Casa,45000.00, Guadalajara , MONRAZ 
Casa,45000.00, Zapopan , VALLE REAL 
Casa,45000.00, Zapopan , VALLE REAL 
Casa,55000.00, Zapopan , VALLE REAL 
Casa,55000.00, Zapopan , VALLE REAL 
Departamento,19000.00, Zapopan , VALLE REAL 
Casa,12700.00, Guadalajara , VICTORIA 
Departamento,8000.00, Guadalajara , SAN MIGUEL DE MEZQUITAN 
Casa,39000.00, Zapopan , CIUDAD BUGAMBILIAS 
Departamento,24000.00, Zapopan , DEL PARQUE 
Departamento,34000.00, Guadalajara , MONRAZ 
Departamento,19900.00, Guadalajara , JARDINES DEL BOSQUE 
Casa,7500.00, Tlaquepaque , SANTA ANITA 
Departamento,24000.00, Guadalajara , LADRON DE GUEVARA 
Casa,12000.00, Tlajomulco , REAL DE BOSQUE 
Departamento,16000.00, Zapopan , CIUDAD GRANJA 
Departamento,23500.00, Guadalajara , COLINAS DE SAN JAVIER 
Casa,50000.00, Zapopan , PINAR DE LA VENTA 
Departamento,20000.00, Guadalajara , PRADOS PROVIDENCIA 
Departamento,8400.00, Tlaquepaque , PARQUES DEL BOSQUE 
Departamento,14300.00, Zapopan , VALLARTA UNIVERSIDAD 
Casa,23800.00, Zapopan , SONEE 
Departamento,4000.00, Guadalajara , LA PERLA 
Departamento,29000.00, Guadalajara , COUNTRY CLUB 
Departamento,5500.00, Zapopan , LOMA BONITA 
Departamento,20000.00, Zapopan , LOMA BONITA 
Casa,38000.00, Zapopan , ATLAS COLOMOS 
Casa,19800.00, Zapopan , BOSQUES VALLARTA 
Casa,26500.00, Zapopan , SOLARES 
Departamento,28000.00, Guadalajara , VALLARTA SAN JORGE 
Departamento,26000.00, Zapopan , JARDIN REAL 
Departamento,17000.00, Guadalajara , VALLARTA NORTE 
Casa,14900.00, Tlajomulco , DEL PILAR RESIDENCIAL 
Departamento,22500.00, Guadalajara , AMERICANA 
Departamento,21900.00, Zapopan , TORRES CIBELES 
Casa,12500.00, Tlaquepaque , MIRADOR DEL TESORO 
Casa,21000.00, Zapopan , CIUDAD BUGAMBILIAS 
Departamento,20500.00, Guadalajara , MONRAZ 
Departamento,19500.00, Zapopan , CIMA REAL 
Departamento,20000.00, Guadalajara , AYUNTAMIENTO 
Departamento,22000.00, Guadalajara , MONRAZ 
Departamento,16800.00, Guadalajara , LADRON DE GUEVARA 
Casa,8600.00, Tlajomulco , CAMICHIN SANTA ANITA 
Departamento,30500.00, Zapopan , LOMAS ALTAS 
Casa,50000.00, Guadalajara , MEZQUITAN 
Departamento,16500.00, Guadalajara , AMERICANA 
Departamento,15000.00, Guadalajara , MONRAZ 
Casa,45000.00, Zapopan , LA ESTANCIA 
Departamento,28000.00, Guadalajara , PRADOS PROVIDENCIA 
Casa,8500.00, Zapopan , LAS AGUJAS 
Casa,12000.00, Tlajomulco , NUEVA GALICIA 
Departamento,68000.00, Guadalajara , COLINAS DE SAN JAVIER 
Casa,8000.00, Tlaquepaque , LAS TERRAZAS 
Casa,24000.00, Zapopan , JARDIN REAL 
Departamento,22000.00, Zapopan , ARCOS DE GUADALUPE 
Casa,22500.00, Tlajomulco , LA RIOJA 
Casa,13000.00, Tlaquepaque , LAS POMAS 
Departamento,23500.00, Zapopan , VALLE REAL 
Departamento,20000.00, Guadalajara , PROVIDENCIA 
Departamento,22000.00, Zapopan , JUAN MANUEL VALLARTA 
Casa,16000.00, Zapopan , CIUDAD GRANJA 
Casa,17000.00, Zapopan , VALLE IMPERIAL 
Casa,70000.00, Zapopan , RANCHO CONTENTO 
Departamento,28000.00, Guadalajara , COUNTRY CLUB 
Departamento,32000.00, Guadalajara , COUNTRY CLUB 
Casa,9000.00, Zapopan , MISION DEL BOSQUE 
Casa,67000.00, Zapopan , LOMAS DEL VALLE 
Departamento,11000.00, Zapopan , EL COLLI URBANO 
Departamento,32000.00, Guadalajara , PROVIDENCIA 4a SECCION 
Departamento,26000.00, Guadalajara , COUNTRY CLUB 
Casa,40007.00, Zapopan , ARCOS DE GUADALUPE 
Casa,25000.00, Tlajomulco , BOSQUES DE SANTA ANITA 
Departamento,23000.00, Guadalajara , ARCOS VALLARTA 
Casa,11500.00, Zapopan , VILLAS DEL IXTEPETE 
Casa,29000.00, Zapopan , EL BAJIO 
Departamento,6500.00, Tlajomulco , ELEMENT 
Casa,7900.00, Guadalajara , JARDINES DE SAN JOSE 
Departamento,11500.00, Tlaquepaque , PAISAJES DEL TESORO 
Casa,32500.00, Zapopan , OLIVOS RESIDENCIAL 
Casa,13200.00, Zapopan , CIUDAD GRANJA 
Departamento,24000.00, Guadalajara , PROVIDENCIA 3a SECCION 
Casa,16500.00, Zapopan , BOSQUES VALLARTA 
Casa,16000.00, Zapopan , CIUDAD GRANJA 
Departamento,14000.00, Guadalajara , AMERICANA 
Departamento,20000.00, Guadalajara , PRADOS PROVIDENCIA 
Departamento,17800.00, Guadalajara , LADRON DE GUEVARA 
Departamento,21000.00, Guadalajara , AMERICANA 
Departamento,60000.00, Guadalajara , VALLARTA NORTE 
Departamento,7200.00, Zapopan , LAS PALMAS 
Casa,15000.00, Zapopan , COLINAS DE LOS ROBLES 
Casa,14000.00, Zapopan , JARDIN REAL 
Casa,12000.00, Zapopan , REAL DE VALDEPEÑAS 
Departamento,12000.00, Zapopan , LAS FLORES 
Departamento,65000.00, Zapopan , PUERTA DE HIERRO 
Casa,16000.00, Tlajomulco , HACIENDA CASA FUERTE 
Departamento,27000.00, Guadalajara , COLINAS DE SAN JAVIER 
Casa,6500.00, Zapopan , LA MORALEJA 
Casa,11500.00, Zapopan , CHAPALITA INN 
Departamento,30000.00, Guadalajara , BOSQUES DE LA VICTORIA 
Casa,40000.00, Zapopan , PUERTA DE HIERRO 
Departamento,14000.00, Guadalajara , RESIDENCIAL CHAPALITA 
Casa,15000.00, Zapopan , LA LOMA 
Departamento,7000.00, Guadalajara , OBRERA 
Casa,16000.00, Zapopan , VALLE IMPERIAL 
Departamento,7099.00, Zapopan , VICTORIA 
Casa,40000.00, Zapopan , CIUDAD DE LOS NIÑOS 
Casa,21000.00, Zapopan , VIRREYES 
Departamento,16500.00, Guadalajara , MODERNA 
Departamento,12000.00, Guadalajara , COLOMOS PROVIDENCIA 
Casa,7900.00, Tlajomulco , CAMICHIN SANTA ANITA 
Departamento,19000.00, Zapopan , JARDINES UNIVERSIDAD 
Departamento,19500.00, Zapopan , JARDINES DE GUADALUPE 
Casa,27000.00, Guadalajara , ARCOS VALLARTA 
Departamento,23500.00, Guadalajara , AMERICANA 
Casa,21000.00, Zapopan , CIUDAD GRANJA 
Casa,40000.00, Zapopan , JARDIN REAL 
Departamento,23000.00, Zapopan , VALLE REAL 
Departamento,28500.00, Guadalajara , JARDINES DEL BOSQUE 
Casa,26000.00, Zapopan , SOLARES 
Departamento,32000.00, Zapopan , CAMINO REAL 
Departamento,33500.00, Guadalajara , VALLARTA SAN JORGE 
Departamento,19500.00, Zapopan , JARDINES DE GUADALUPE 
Departamento,8500.00, Zapopan , LAS PALMAS 
Departamento,9800.00, Guadalajara , JARDINES DE LA CRUZ 
Departamento,18950.00, Guadalajara , VALLARTA NORTE 
Departamento,23000.00, Guadalajara , VALLARTA SAN JORGE 
Casa,18000.00, Zapopan , PRADOS VALLARTA 
Departamento,15900.00, Guadalajara , AYUNTAMIENTO 
Departamento,24500.00, Guadalajara , COLOMOS PROVIDENCIA 
Departamento,7500.00, Zapopan , LAS ARBOLEDAS 
Casa,18500.00, Zapopan , EL CAMPANARIO 
Departamento,23500.00, Zapopan , PUERTA DE HIERRO 
Casa,6000.00, Zapopan , PUERTA DEL LLANO 
Casa,18000.00, Zapopan , LA CALMA 
Departamento,26500.00, Zapopan , CAMINO REAL 
Departamento,19800.00, Guadalajara , LOMAS DE GUEVARA 
Casa,15500.00, Tlajomulco , SAN MARTIN DEL TAJO 
Casa,22000.00, Zapopan , LOMA BONITA SUR 
Casa,18500.00, Zapopan , LA CALMA 
Departamento,23800.00, Guadalajara , COUNTRY CLUB 
Casa,15000.00, Zapopan , PORTA REAL 
Departamento,22000.00, Guadalajara , ARCOS VALLARTA 
Casa,10000.00, Zapopan , LUNA BOSQUE RESIDENCIAL 
Departamento,26500.00, Zapopan , PUERTA DE HIERRO 
Casa,70000.00, Guadalajara , ARCOS VALLARTA 
Casa,10800.00, Tlajomulco , SAN AGUSTIN 
Departamento,45550.00, Zapopan , PUERTA DE HIERRO 
Departamento,10000.00, Tlaquepaque , BALCONES DE SANTA MARIA 
Departamento,7500.00, Zapopan , GUSTAVO DIAZ ORDAZ 
Departamento,21000.00, Guadalajara , AMERICANA 
Departamento,26500.00, Guadalajara , COLOMOS PROVIDENCIA 
Departamento,29700.00, Guadalajara , COUNTRY CLUB 
Departamento,21000.00, Zapopan , GIRASOLES ACUEDUCTO 
Casa,33000.00, Zapopan , VALLE REAL 
Casa,13500.00, Tlajomulco , HACIENDA CASA FUERTE 
Departamento,11000.00, Guadalajara , AMERICANA 
Casa,12000.00, Tlajomulco , BOSQUE REAL DE SANTA ANITA 
Casa,36000.00, Zapopan , MITICA RESIDENCIAL 
Casa,25000.00, Zapopan , JARDINES UNIVERSIDAD 
Departamento,9000.00, Guadalajara , PRADOS PROVIDENCIA 
Casa,39000.00, Guadalajara , CHAPALITA 
Departamento,27500.00, Zapopan , LOMAS ALTAS 
Departamento,18000.00, Guadalajara , LADRON DE GUEVARA 
Casa,8000.00, Zapopan , LUNA BOSQUE RESIDENCIAL 
Casa,17500.00, Zapopan , CIUDAD GRANJA 
Casa,11700.00, Tlaquepaque , PARQUES DEL BOSQUE 
Casa,13500.00, Zapopan , REAL DE VALDEPEÑAS 
Casa,35000.00, Zapopan , LA CALMA 
Departamento,9500.00, Guadalajara , VILLAS DE SAN JUAN 
Casa,22000.00, Guadalajara , CHAPALITA 
Departamento,35000.00, Guadalajara , COLOMOS PROVIDENCIA 
Departamento,22000.00, Zapopan , VALLARTA UNIVERSIDAD 
Casa,12800.00, Zapopan , LA CALMA 
Casa,100000.00, Zapopan , VILLA UNIVERSITARIA 
Casa,14000.00, Tlajomulco , SAN AGUSTIN 
Casa,35000.00, Tlajomulco , EL MANANTIAL 
Casa,10800.00, Zapopan , EL COLLI URBANO 
Casa,25000.00, Guadalajara , CENTRO BARRANQUITAS 
Casa,55000.00, Zapopan , RANCHO CONTENTO 
Departamento,5000.00, Tlajomulco , VILLA FONTANA AQUA 
Departamento,19700.00, Guadalajara , AYUNTAMIENTO 
Departamento,19000.00, Zapopan , PRADOS VALLARTA 
Departamento,24700.00,Zapopan,VALLE REAL
Departamento,21500.00, Guadalajara , VALLARTA NORTE 
Casa,4500.00, Zapopan , LA MAGDALENA 
Departamento,27000.00, Zapopan , VALLE REAL 
Departamento,29800.00, Zapopan , PUERTA DE HIERRO 
Casa,19000.00, Zapopan , DEL PARQUE 
Casa,17000.00, Zapopan , PASEOS UNIVERSIDAD 
Casa,17000.00, Zapopan , PASEOS UNIVERSIDAD 
Casa,12700.00, Guadalajara , VICTORIA 
Departamento,15450.00, Guadalajara , AYUNTAMIENTO 
Departamento,65000.00, Zapopan , BOSQUE DE LOS VIRREYES 
Departamento,34000.00, Guadalajara , MONRAZ 
Casa,9200.00, Tlajomulco , VILLA CALIFORNIA 
Casa,13000.00, Zapopan , MARIANO OTERO 
Casa,11000.00, Tlajomulco , HACIENDA CASA FUERTE 
Casa,23000.00, Zapopan , JARDIN REAL 
Departamento,8800.00, Tlajomulco , ELEMENT 
Departamento,27000.00, Guadalajara , VALLARTA NORTE 
Casa,10500.00, Tlajomulco , NUEVA GALICIA 
Departamento,9500.00, Guadalajara , VALLARTA NORTE 
Casa,18000.00, Zapopan , REAL VALLARTA 
Departamento,20000.00, Guadalajara , COLINAS DE SAN JAVIER 
Casa,27500.00, Zapopan , SOLARES 
Departamento,14900.00, Guadalajara , AMERICANA 
Departamento,75120.00, Zapopan , COLINAS DE SAN JAVIER 
Casa,4500.00, Zapopan , ALBATERRA 
Departamento,4500.00, Zapopan , CENTRO 
Departamento,28000.00, Guadalajara , AYUNTAMIENTO 
Departamento,4000.00, Zapopan , ARCOS DE ZAPOPAN 
Casa,16600.00, Tlajomulco , BOSQUE CEDROS SANTA ANITA 
Departamento,14000.00, Zapopan , LOMA BONITA EJIDAL 
Departamento,35000.00, Zapopan , CAMINO REAL 
Casa,19000.00, Guadalajara , BOSQUES DE LA VICTORIA 
Departamento,9000.00, Zapopan , PASEOS DEL SOL 
Casa,40000.00, Zapopan , ATLAS COLOMOS 
Casa,24500.00, Tlajomulco , EL MANANTIAL 
Departamento,17000.00, Guadalajara , AYUNTAMIENTO 
Casa,35000.00, Zapopan , CIUDAD DE LOS NIÑOS 
Departamento,19500.00, Zapopan , VALLE REAL 
Casa,13000.00, Tlaquepaque , SANTA ANITA 
Casa,23000.00, Zapopan , SOLARES 
Departamento,33000.00, Guadalajara , COUNTRY CLUB 
Departamento,1800.00, Tonalá , CIUDAD AZTLAN 
Departamento,16500.00, Zapopan , DEL PARQUE 
Casa,16000.00, Guadalajara , VALLARTA PONIENTE 
Departamento,23000.00, Guadalajara , AMERICANA 
Departamento,6000.00, Zapopan , LOMA BONITA 
Casa,70000.00, Zapopan , PUERTA DE HIERRO 
Casa,8500.00, Guadalajara , JARDINES DE LA CRUZ 
Casa,80000.00, Zapopan , VALLE REAL 
Casa,65000.00, Zapopan , VALLE REAL 
Departamento,20000.00, Zapopan , JUAN MANUEL VALLARTA 
Departamento,19500.00, Guadalajara , LOMAS DE PROVIDENCIA 
Departamento,29000.00, Zapopan , PUERTA DE HIERRO 
Departamento,17000.00, Guadalajara , JARDINES DEL BOSQUE 
Departamento,13500.00, Zapopan , CIUDAD GRANJA 
Departamento,2000.00, Zapopan , PRADOS VALLARTA 
Casa,11700.00, Tlaquepaque , PARQUES DEL BOSQUE 
Casa,11000.00, Tlajomulco , LA TIJERA 
Casa,9000.00, Tlajomulco , SAN AGUSTIN 
Departamento,40250.00, Guadalajara , COUNTRY CLUB 
Casa,15000.00, Tlajomulco , LOS GAVILANES 
Casa,4100.00, Tlajomulco , REAL DEL VALLE 
Casa,35000.00, Zapopan , PUERTA DEL ROBLE 
Casa,34000.00, Zapopan , PUERTA DEL TULE 
Casa,28000.00, Zapopan , JARDINES DE LA PATRIA 
Departamento,23000.00, Zapopan , ALTAMIRA 
Casa,6300.00, Tlaquepaque , VALLE DE LAS HERAS 
Casa,27500.00, Zapopan , JARDIN REAL 
Casa,9200.00, Zapopan , SANTA ANA TEPETITLAN 
Departamento,16500.00, Guadalajara , LOMAS DEL COUNTRY 
Departamento,22000.00, Guadalajara , COLOMOS PROVIDENCIA 
Departamento,30000.00, Guadalajara , PROVIDENCIA 4a SECCION 
Casa,45000.00, Zapopan , PUERTA DEL ROBLE 
Casa,25000.00, Zapopan , PARQUE DE LA CASTELLANA 
Departamento,25000.00, Zapopan , CAMINO REAL 
Departamento,45000.00, Guadalajara , COLINAS DE SAN JAVIER 
Departamento,70000.00, Guadalajara , COUNTRY CLUB 
Casa,58000.00, Zapopan , LOMAS ALTAS 
Casa,15000.00, Zapopan , CHAPALITA SUR 
Casa,12100.00, Zapopan , SANTA ANA TEPETITLAN 
Casa,8200.00, Guadalajara , CHAPALITA 
Departamento,18100.00, Guadalajara , COUNTRY CLUB 
Casa,5500.00, Tlaquepaque , VILLAS FONTANA 
Casa,18500.00, Zapopan , PASEOS DEL SOL 
Departamento,7500.00, Zapopan , LA CALMA 
Casa,9900.00, Tonalá , LOMA DORADA DELEGACION A 
Casa,30000.00, Zapopan , CIUDAD DEL SOL 
Departamento,19700.00, Guadalajara , OBRERA 
Casa,11000.00, Zapopan , PRADOS VALLARTA 
Casa,25000.00, Guadalajara , AMERICANA 
Casa,30000.00, Tlajomulco , SAN MARTIN DEL TAJO 
Casa,21000.00, Tlajomulco , LA RIOJA 
Departamento,22900.00, Zapopan , LOMAS DEL VALLE 
Departamento,21000.00, Zapopan , PLAZA GUADALUPE 
Casa,10000.00, Zapopan , REAL DE VALDEPEÑAS 
Casa,8500.00, Tlaquepaque , ARROYO SECO 
Departamento,23000.00, Zapopan , LOMAS ALTAS 
Casa,4500.00, Tlajomulco , BALCONES DE SANTA ANITA 
Departamento,32000.00, Guadalajara , LADRON DE GUEVARA 
Departamento,18500.00, Zapopan , PRADOS GUADALUPE 
Casa,22000.00, Zapopan , JOCOTAN 
Casa,15000.00, Zapopan , VALLE IMPERIAL 
Departamento,21900.00, Zapopan , JARDIN REAL 
Casa,8500.00, Zapopan , CAMPO REAL 
Casa,15000.00, Tlajomulco , CORTIJO SAN AGUSTIN 
Casa,39800.00, Zapopan , CIUDAD DEL SOL 
Casa,39000.00, Tlajomulco , CONDOMINIO CAMPO DE GOLF SANTA ANITA 
Casa,26825.00, Zapopan , CIUDAD BUGAMBILIAS 
Departamento,19500.00, Guadalajara , OBRERA 
Departamento,10500.00, Zapopan , JOCOTAN 
Casa,20000.00, Zapopan , VIRREYES 
Departamento,28500.00, Guadalajara , PRADOS PROVIDENCIA 
Casa,10500.00, Tlajomulco , SAN AGUSTIN 
Departamento,23900.00, Zapopan , PUERTA DE HIERRO 
Casa,18500.00, Zapopan , JARDIN REAL 
Departamento,7900.00, Guadalajara , JARDINES ALCALDE 
Departamento,26000.00, Guadalajara , PRADOS PROVIDENCIA 
Casa,14600.00, Tlaquepaque , EL TAPATIO 
Departamento,26000.00, Zapopan , LA PATRIA UNIVERSIDAD 
Casa,35007.00, Zapopan , CIUDAD DEL SOL 
Casa,8500.00, Guadalajara , JARDINES DE LA CRUZ 
Casa,12500.00, Zapopan , QUINTAS DEL BOSQUE 
Departamento,20000.00, Zapopan , JUAN MANUEL VALLARTA 
Departamento,14000.00, Guadalajara , PROVIDENCIA 3a SECCION 
Casa,50000.00, Zapopan , LOMAS DEL VALLE 
Casa,9000.00, Zapopan , LAS ARBOLEDAS 
Departamento,24000.00, Guadalajara , COUNTRY CLUB 
Casa,17000.00, Zapopan , PORTA REAL 
Departamento,24000.00, Zapopan , LOMAS ALTAS 
Departamento,17000.00, Guadalajara , JARDINES DEL BOSQUE 
Casa,8000.00, Zapopan , ARCOS DE ZAPOPAN 
Departamento,70000.00, Guadalajara , COLINAS DE SAN JAVIER 
Departamento,31000.00, Guadalajara , PRADOS PROVIDENCIA 
Departamento,32000.00, Guadalajara , COLOMOS PROVIDENCIA 
Casa,27000.00, Guadalajara , PRADOS PROVIDENCIA 
Casa,11000.00, Zapopan , EL FORTIN 
Casa,13000.00, Zapopan , MARIANO OTERO 
Departamento,26000.00, Guadalajara , COLINAS DE SAN JAVIER 
Departamento,25000.00, Guadalajara , VALLARTA NORTE 
Casa,15600.00, Zapopan , EL BRISEÑO 
Casa,16000.00, Zapopan , CIUDAD GRANJA 
Casa,7900.00, Tlajomulco , BOSQUES DE SANTA ANITA 
Departamento,26500.00, Guadalajara , MONRAZ 
Departamento,18500.00, Zapopan , SAN WENCESLAO 
Casa,12500.00, Tlajomulco , NUEVA GALICIA 
Departamento,24000.00, Zapopan , VALLE REAL 
Casa,42000.00, Zapopan , VALLE REAL 
Casa,29000.00, Zapopan , EL CARMEN HABITAT 
Casa,6500.00, Tlajomulco , REAL DE SANTA ANITA 
Departamento,20000.00, Guadalajara , LOMAS DE GUEVARA 
Casa,18000.00, Zapopan , SANTILLANA 
Casa,20500.00, Zapopan , LAS FUENTES 
Departamento,7950.00, Guadalajara , PRADOS PROVIDENCIA 
Departamento,17500.00, Zapopan , ARCOS DE GUADALUPE 
Departamento,8500.00, Zapopan , SANTA ISABEL 
Departamento,21000.00, Zapopan , DEL PARQUE 
Casa,11000.00, Zapopan , SOLARES 
Departamento,21000.00, Zapopan , CAMINO REAL 
Casa,5500.00, Tlajomulco , LOS ENCINOS 
Casa,10500.00, Tlaquepaque , PARQUES DEL BOSQUE 
Departamento,14000.00, Zapopan , CIUDAD GRANJA 
Departamento,18000.00, Guadalajara , CHAPULTEPEC COUNTRY 
Casa,36200.00, Zapopan , VALLE REAL 
Departamento,33000.00, Zapopan , LOMAS ALTAS 
Departamento,40000.00, Guadalajara , COLINAS DE SAN JAVIER 
Casa,58000.00, Zapopan , LOMAS ALTAS 
Casa,9800.00, Zapopan , LAS AGUILAS 
Departamento,28000.00, Guadalajara , MONRAZ 
Departamento,5500.00, Guadalajara , LA NOGALERA 
Casa,14000.00, Zapopan , LOMA BONITA 
Casa,12500.00, Zapopan , EL FORTIN 
Casa,21000.00, Zapopan , JARDIN REAL 
Casa,22000.00, Guadalajara , COUNTRY CLUB 
Departamento,16500.00, Guadalajara , MODERNA 
Casa,11000.00, Zapopan , REAL DE VALDEPEÑAS 
Casa,35000.00, Zapopan , LA ESTANCIA 
Departamento,21500.00, Guadalajara , PRADOS PROVIDENCIA 
Casa,15000.00, Zapopan , LA CALMA 
Departamento,28000.00, Guadalajara , LADRON DE GUEVARA 
Departamento,25000.00, Guadalajara , COLOMOS PROVIDENCIA 
Departamento,28000.00, Zapopan , DEL PARQUE 
Casa,13000.00, Zapopan , SANTA MARGARITA 
Departamento,23000.00, Zapopan , PUERTA REAL 
Departamento,17000.00, Zapopan , LA CALMA 
Casa,35000.00, Zapopan , LA ESTANCIA 
Departamento,18500.00, Zapopan , MIRADOR DEL SOL 
Departamento,29500.00, Zapopan , PUERTA DE HIERRO 
Casa,24900.00, Zapopan , PUERTA DEL VALLE 
Casa,19000.00, Zapopan , LOMAS DE GUADALUPE 
Departamento,9500.00, Zapopan , JARDINES DE GUADALUPE 
Casa,6950.00, Zapopan , PARQUES TEPEYAC 
Casa,8700.00, Tlaquepaque , LA CAPACHA 
Casa,35000.00, Tonalá , RANCHO DE LA CRUZ 
Casa,24000.00, Zapopan , CIUDAD DEL SOL 
Departamento,23000.00, Zapopan , ARCOS DE GUADALUPE 
Departamento,28000.00, Guadalajara , PROVIDENCIA 4a SECCION 
Departamento,22000.00, Zapopan , DEL PARQUE 
Casa,11000.00, Tlajomulco , SENDEROS DE MONTE VERDE 
Departamento,35000.00, Zapopan , VIRREYES 
Departamento,24500.00, Zapopan , PUERTA DE HIERRO 
Casa,17000.00, Tlajomulco , DEL PILAR RESIDENCIAL 
Departamento,17000.00, Zapopan , ARCOS DE GUADALUPE 
Departamento,19000.00, Guadalajara , PROVIDENCIA 4a SECCION 
Casa,14800.00, Tlajomulco , EL BALUARTE 
Departamento,26000.00, Guadalajara , VALLARTA SAN JORGE 
Casa,48500.00, Zapopan , COLINAS DE SAN JAVIER 
Departamento,22000.00, Guadalajara , TERRANOVA 
Departamento,23000.00, Guadalajara , VALLARTA SAN JORGE 
Departamento,5200.00, Zapopan , PRADOS VALLARTA 
Departamento,20000.00, Guadalajara , PROVIDENCIA 
Departamento,21000.00, Guadalajara , ARCOS VALLARTA 
Departamento,27000.00, Guadalajara , COUNTRY CLUB 
Casa,28000.00, Zapopan , CIUDAD BUGAMBILIAS 
Departamento,6500.00, Zapopan , CENTRO 
Casa,13000.00, Tlaquepaque , SANTA ANITA 
Casa,17000.00, Zapopan , PARQUE DE LA CASTELLANA 
Departamento,7000.00, Zapopan , LOMA BONITA 
Departamento,15000.00, Zapopan , JARDIN REAL 
Departamento,34000.00, Guadalajara , VALLARTA SAN JORGE 
Casa,50000.00, Zapopan , CIUDAD DEL SOL 
Departamento,19500.00, Guadalajara , AMERICANA 
Departamento,29000.00, Guadalajara , PRADOS PROVIDENCIA 
Departamento,3000.00, Guadalajara , ARTESANOS (SAGRADA FAMILIA Y/O JESUS) 
Departamento,50000.00, Guadalajara , VALLARTA SAN JORGE 
Casa,12500.00, Zapopan , LA ESTANCIA 
Casa,13500.00, Tlajomulco , SENDEROS DE MONTE VERDE 
Departamento,65730.00, Zapopan , PUERTA DE HIERRO 
Casa,16500.00, Tlajomulco , BOSQUE CEDROS SANTA ANITA 
Casa,2000.00, Tlajomulco , LOMAS DE SANTA ANITA 
Casa,7800.00, Tlajomulco , VALLE DE LAS FLORES 
Departamento,45000.00, Guadalajara , MONRAZ 
Departamento,26500.00, Guadalajara , MONRAZ 
Departamento,12900.00, Guadalajara , AMERICANA 
Casa,13000.00, Tlaquepaque , SANTA ANITA CAMINO REAL 
Departamento,23500.00, Guadalajara , JARDINES PLAZA DEL SOL 
Casa,10000.00, Tlajomulco , SENDEROS DE MONTE VERDE 
Casa,18000.00, Zapopan , SAN ISIDRO 
Departamento,55320.00, Zapopan , PUERTA DE HIERRO 
Casa,30000.00, Zapopan , JARDINES DE LA PATRIA 
Departamento,26000.00, Zapopan , HACIENDA DE LAS LOMAS 
Casa,33000.00, Zapopan , LOMAS ALTAS 
Casa,12500.00, Zapopan , EL COLLI URBANO 
Departamento,29400.00, Guadalajara , PRADOS PROVIDENCIA 
Departamento,35000.00, Guadalajara , MONRAZ 
Departamento,20500.00, Guadalajara , COUNTRY CLUB 
Casa,70000.00, Zapopan , CHAPALITA ORIENTE 
Casa,9500.00, Tlajomulco , FORESTA SANTA ANITA 
Casa,18800.00, Zapopan , VALLE IMPERIAL 
Casa,12000.00, Zapopan , MIRADOR DEL SOL 
Departamento,19000.00, Guadalajara , JARDINES DEL BOSQUE 
Casa,50000.00, Zapopan , LOMAS DEL VALLE 
Departamento,6000.00, Guadalajara , ZONA CENTRO 
Casa,50000.00, Tlajomulco , CONDOMINIO CAMPO DE GOLF SANTA ANITA 
Casa,20000.00, Guadalajara , MEXICALTZINGO 
Departamento,19500.00, Guadalajara , AMERICANA 
Casa,26000.00, Zapopan , LA ESTANCIA 
Casa,35000.00, Zapopan , LAS ARBOLEDAS 
Casa,10000.00, Tlaquepaque , PARQUES DEL BOSQUE 
Departamento,14500.00, Zapopan , CIUDAD BUGAMBILIAS 
Casa,25000.00, Zapopan , JARDINES VALLARTA 
Departamento,24000.00, Zapopan , PUERTA DE PLATA 
Departamento,15900.00, Guadalajara , AMERICANA 
Departamento,32900.00, Zapopan , COLINAS DE LA ABADIA 
Casa,15000.00, Tlajomulco , JARDINES DE SANTA ANITA 
Casa,15220.00, Zapopan , VALLE IMPERIAL 
Casa,45000.00, Zapopan , LAS FLORES 
Departamento,75000.00, Guadalajara , COUNTRY CLUB 
Casa,5500.00, Tlajomulco , VALLE DE LAS FLORES 
Casa,19500.00, Zapopan , VIRREYES 
Departamento,13000.00, Zapopan , LOS PINOS 
Casa,15500.00, Zapopan , EL CENTINELA 
Casa,26500.00, Zapopan , JARDINES DE GUADALUPE 
Casa,48000.00, Zapopan , VALLE REAL 
Departamento,6750.00, Zapopan , PASEOS DEL SOL 
Casa,19900.00, Zapopan , JARDINES DE GUADALUPE 
Departamento,30000.00, Zapopan , PUERTA REAL 
Casa,56000.00, Zapopan , PUERTA DE HIERRO 
Departamento,57000.00, Zapopan , PUERTA DE HIERRO 
Casa,12000.00, Tlaquepaque , PARQUES DEL BOSQUE 
Departamento,24000.00, Guadalajara , MONRAZ 
Departamento,28000.00, Zapopan , CAMINO REAL 
Casa,21500.00, Zapopan , SANTILLANA 
Departamento,10000.00, Guadalajara , COLOMOS 
Casa,25000.00, Guadalajara , PROVIDENCIA 
Casa,12800.00, Zapopan , SANTA ANA TEPETITLAN 
Casa,24500.00, Zapopan , SOLARES 
Departamento,35000.00, Zapopan , LA CIMA 
Casa,10000.00, Zapopan , ALBATERRA 
Casa,18000.00, Tlajomulco , HACIENDA CASA FUERTE 
Casa,15000.00, Zapopan , VILLAS DE ASIS 
Departamento,23500.00, Guadalajara , AMERICANA 
Casa,18000.00, Tlajomulco , LA RIOJA 
Departamento,35000.00, Guadalajara , OBRERA 
Departamento,50000.00, Guadalajara , COLOMOS PROVIDENCIA 
Departamento,13500.00, Guadalajara , LOMAS DE POLANCO 
Departamento,16500.00, Guadalajara , LADRON DE GUEVARA 
Departamento,11400.00, Guadalajara , PRADOS PROVIDENCIA 
Departamento,21000.00, Guadalajara , COLOMOS PROVIDENCIA 
Departamento,27000.00, Guadalajara , PROVIDENCIA 4a SECCION 
Casa,29500.00, Zapopan , VILLA UNIVERSITARIA 
Departamento,18000.00, Zapopan , VALLE REAL 
Departamento,17000.00, Guadalajara , AYUNTAMIENTO 
Casa,10800.00, Zapopan , LINDAVISTA 
Casa,38500.00, Zapopan , PARQUE VIRREYES 
Casa,20000.00, Zapopan , JACARANDAS 
Departamento,6500.00, Zapopan , LA CALMA 
Departamento,22200.00, Zapopan , LOMAS ALTAS 
Departamento,31000.00, Guadalajara , PRADOS PROVIDENCIA 
Departamento,18900.00, Tlaquepaque , PAISAJES DEL TESORO 
Departamento,24000.00, Zapopan , CHAPALITA DE OCCIDENTE 
Departamento,17200.00, Zapopan , LOMAS ALTAS 
Casa,4500.00, Tlajomulco , BALCONES DE SANTA ANITA 
Casa,6500.00, Tlaquepaque , LORETO 
Casa,25000.00, Zapopan , JARDINES VALLARTA 
Departamento,28800.00, Zapopan , PUERTA DE HIERRO 
Casa,13500.00, Tlajomulco , BOSQUES DE SANTA ANITA 
Casa,25000.00, Tlajomulco , CONDOMINIO CAMPO DE GOLF SANTA ANITA 
Departamento,13500.00, Guadalajara , COLON INDUSTRIAL 
Departamento,16500.00, Guadalajara , AYUNTAMIENTO 
Casa,9000.00, Tlajomulco , VALLE DE LAS FLORES 
Casa,23000.00,Zapopan,VILLA UNIVERSITARIA
Departamento,7000.00, Tlaquepaque , ARROYO SECO 
Casa,15800.00, Zapopan , PASEOS DEL SOL 
Casa,20700.00, Zapopan , JARDIN REAL 
Departamento,19500.00, Guadalajara , COLINAS DE SAN JAVIER 
Departamento,24500.00, Guadalajara , OBRERA 
Casa,15000.00, Zapopan , PARQUE GUADALUPE 
Casa,40000.00, Guadalajara , OBRERA 
Departamento,16000.00, Zapopan , TORRES CIBELES 
Casa,23500.00, Zapopan , PUERTA DEL VALLE 
Casa,20000.00, Tlajomulco , SENDERO DE LAS MORAS 
Casa,49500.00, Zapopan , VALLE REAL 
Departamento,8500.00, Guadalajara , LADRON DE GUEVARA 
Casa,40000.00, Zapopan , CIUDAD DEL SOL 
Departamento,14200.00, Zapopan , LA CALMA 
Departamento,30000.00, Guadalajara , COLINAS DE SAN JAVIER 
Casa,6550.00, Tlajomulco , LA PROVIDENCIA 
Casa,25000.00, Zapopan , LAS AGUILAS 
Casa,10000.00, Zapopan , EL COLLI URBANO 
Casa,31500.00, Zapopan , LOMAS ALTAS 
Departamento,4200.00, Guadalajara , VALLARTA NORTE 
Departamento,27000.00, Zapopan , PUERTA DE HIERRO 
Casa,23000.00, Guadalajara , PROVIDENCIA 
Departamento,30000.00, Guadalajara , COLINAS DE SAN JAVIER 
Departamento,14650.00, Zapopan , LA CALMA 
Casa,7500.00, Zapopan , TESISTAN 
Casa,16000.00, Zapopan , SOLARES 
Departamento,19900.00, Guadalajara , JARDINES DEL BOSQUE 
Departamento,15000.00, Guadalajara , JARDINES DEL BOSQUE 
Departamento,16000.00, Guadalajara , PROVIDENCIA 
Casa,13400.00, Tlajomulco , DEL PILAR RESIDENCIAL 
Departamento,18500.00, Zapopan , LA ESTANCIA 
Casa,10500.00, Tlaquepaque , SANTA ANITA 
Departamento,42000.00, Guadalajara , COLINAS DE SAN JAVIER 
Casa,18900.00, Tlaquepaque , PARQUES DEL BOSQUE 
Departamento,14500.00, Tlaquepaque , PAISAJES DEL TESORO 
Casa,5700.00, Tlaquepaque , LAS TERRAZAS 
Departamento,34500.00, Guadalajara , COLINAS DE SAN JAVIER 
Departamento,18500.00, Zapopan , DEL PARQUE 
Casa,15000.00, Tlajomulco , LOS GAVILANES 
Casa,21000.00, Tlajomulco , PROVENZA 
Departamento,23500.00, Guadalajara , PRADOS PROVIDENCIA 
Departamento,16500.00, Tlajomulco , LA RIOJA 
Departamento,17700.00, Zapopan , JARDINES DE GUADALUPE 
Departamento,23000.00, Zapopan , CIMA REAL 
Departamento,3300.00, Guadalajara , CENTRO 
Departamento,21000.00, Zapopan , LOMAS ALTAS 
Casa,25000.00, Tlaquepaque , EL TAPATIO 
Departamento,24500.00, Guadalajara , COUNTRY CLUB 
Departamento,27000.00, Guadalajara , COLOMOS PROVIDENCIA 
Casa,18880.00, Zapopan , BOSQUES VALLARTA 
Departamento,20000.00, Zapopan , VALLE REAL 
Casa,21000.00, Guadalajara , VALLARTA PONIENTE 
Casa,12600.00, Tlajomulco , DEL PILAR RESIDENCIAL 
Departamento,16500.00, Guadalajara , LADRON DE GUEVARA 
Casa,16000.00, Zapopan , VIRREYES 
Departamento,14000.00, Zapopan , LA CALMA 
Casa,40000.00, Zapopan , SAN BERNARDO 
Casa,19000.00, Zapopan , VALLE IMPERIAL 
Departamento,28000.00, Guadalajara , OBRERA 
Casa,25000.00, Zapopan , VALLE IMPERIAL 
Departamento,16650.00, Guadalajara , ARCOS VALLARTA 
Departamento,13800.00, Guadalajara , AMERICANA 
Casa,22000.00, Guadalajara , CHAPALITA 
Departamento,27000.00, Guadalajara , VALLARTA NORTE 
Departamento,16500.00, Zapopan , SOLARES 
Casa,12000.00, Tlajomulco , NUEVA GALICIA 
Casa,28000.00, Guadalajara , LADRON DE GUEVARA 
Casa,13900.00, Zapopan , PLAZA GUADALUPE 
Casa,17000.00, Zapopan , PARQUE DE LA CASTELLANA 
Departamento,22000.00, Zapopan , LOMAS DEL VALLE 
Departamento,13900.00, Tlaquepaque , PAISAJES DEL TESORO 
Departamento,37000.00, Guadalajara , VALLARTA NORTE 
Casa,10800.00, Tlajomulco , VILLA CALIFORNIA 
Departamento,19000.00, Guadalajara , CHAPALITA 
Departamento,19500.00, Guadalajara , ARCOS VALLARTA 
Casa,30000.00, Zapopan , CHAPALITA SUR 
Departamento,21500.00, Guadalajara , JARDINES DEL BOSQUE 
Departamento,5000.00, Guadalajara , DEL FRESNO 
Casa,38000.00, Tlajomulco , CONDOMINIO CAMPO DE GOLF SANTA ANITA 
Departamento,24900.00, Zapopan , PUERTA DE HIERRO 
Casa,18000.00, Zapopan , JARDINES VALLARTA 
Casa,38500.00, Zapopan , VALLE REAL 
Casa,9000.00, Tonalá , LOMAS DE LA SOLEDAD 
Casa,18000.00, Zapopan , JARDINES DEL SOL 
Departamento,18500.00, Zapopan , LA GIRALDA 
Casa,14000.00, Tlaquepaque , LAS POMAS 
Departamento,21000.00, Guadalajara , MONRAZ 
Departamento,8500.00, Guadalajara , PRADOS PROVIDENCIA 
Casa,10000.00, Zapopan , OYAMEL 2 
Departamento,26500.00, Zapopan , PUERTA DE HIERRO 
Departamento,42000.00, Zapopan , PUERTA DE HIERRO 
Casa,35000.00, Tlajomulco , CORTIJO SAN AGUSTIN 
Departamento,16000.00, Zapopan , JARDINES TEPEYAC 
Departamento,13500.00, Zapopan , CIUDAD GRANJA 
Casa,3800.00, Tonalá , HACIENDA REAL 
Departamento,21000.00, Guadalajara , COUNTRY CLUB 
Departamento,6500.00, Guadalajara , LOMAS DE INDEPENDENCIA 
Casa,30000.00, Zapopan , ARCOS DE ZAPOPAN 
Departamento,62000.00, Zapopan , PUERTA DE HIERRO 
Departamento,31000.00, Zapopan , PUERTA DE HIERRO 
Departamento,38000.00, Zapopan , PUERTA REAL 
Casa,9500.00, Guadalajara , HUENTITAN EL BAJO 
Casa,8000.00, Zapopan , PINO SUAREZ 
Departamento,21750.00, Zapopan , CHAPALITA ORIENTE 
Casa,10000.00, Tlajomulco , LOS GAVILANES 
Casa,34998.00, Zapopan , CIUDAD DEL SOL 
Casa,18000.00, Zapopan , BOSQUES DE SAN ISIDRO (LAS CAÑADAS) 
Departamento,29000.00, Guadalajara , VALLARTA SAN JORGE 
Departamento,20000.00, Guadalajara , RESIDENCIAL CHAPALITA 
Departamento,31000.00, Zapopan , PRADOS GUADALUPE 
Departamento,45000.00, Guadalajara , VALLARTA SAN JORGE 
Departamento,19500.00, Zapopan , CIUDAD GRANJA 
Casa,15000.00, Tlajomulco , LOMAS DE SANTA ANITA 
Departamento,10000.00, Tlajomulco , EL PALOMAR 
Departamento,28800.00, Guadalajara , PROVIDENCIA 2a SECCION 
Departamento,13500.00, Zapopan , LOS PINOS 
Departamento,28000.00, Zapopan , CAMINO REAL 
Casa,38000.00, Zapopan , JARDINES DE GUADALUPE 
Casa,7000.00, Tlajomulco , ALTEA 
Departamento,18500.00, Zapopan , CIUDAD GRANJA 
Departamento,26500.00, Guadalajara , AYUNTAMIENTO 
Departamento,14800.00, Guadalajara , AMERICANA 
Casa,24000.00, Zapopan , BOSQUES DE SAN ISIDRO (LAS CAÑADAS) 
Casa,15000.00, Zapopan , DEL VALLE 
Departamento,21850.00, Guadalajara , COUNTRY CLUB 
Departamento,10500.00, Guadalajara , OLIMPICA 
Departamento,20500.00, Zapopan , CAMINO REAL 
Casa,13000.00, Tlaquepaque , PARQUES DEL BOSQUE 
Departamento,21500.00, Zapopan , LOMAS ALTAS 
Casa,25000.00, Zapopan , LA ESTANCIA 
Departamento,25000.00, Guadalajara , PRADOS PROVIDENCIA 
Departamento,27000.00, Guadalajara , VALLARTA SAN JORGE 
Casa,19500.00, Guadalajara , ARCOS VALLARTA 
Casa,3000.00, Tlaquepaque , REVOLUCION 
Casa,7500.00, Tlajomulco , ELEMENT 
Casa,12000.00, Zapopan , GIRASOLES ACUEDUCTO 
Casa,10500.00, Tlajomulco , SAN AGUSTIN 
Casa,20000.00, Tlaquepaque , LOS NARANJOS 
Departamento,42000.00, Guadalajara , COLINAS DE SAN JAVIER 
Casa,30000.00, Zapopan , CIUDAD GRANJA 
Departamento,43500.00, Zapopan , PUERTA DE HIERRO 
Casa,12950.00, Zapopan , CIUDAD GRANJA 
Departamento,60000.00, Zapopan , PUERTA DE HIERRO 
Casa,9700.00, Zapopan , JARDINES DEL VALLE 
Departamento,13500.00, Zapopan , JARDINES DE SAN IGNACIO 
Casa,60000.00, Zapopan , JARDINES UNIVERSIDAD 
Departamento,9000.00, Tlaquepaque , ARROYO SECO 
Departamento,34800.00, Guadalajara , COUNTRY CLUB 
Casa,20000.00, Zapopan , LOS ROBLES 
Casa,18500.00, Zapopan , LOMAS ALTAS 
Departamento,21875.00, Guadalajara , COUNTRY CLUB 
Casa,15500.00, Zapopan , REAL DE VALDEPEÑAS 
Casa,12500.00, Zapopan , GIRASOLES ELITE 
Departamento,17000.00, Zapopan , JARDINES DE SAN IGNACIO 
Departamento,25000.00, Guadalajara , LOMAS DE PROVIDENCIA 
Departamento,8500.00, Tlaquepaque , PARQUES DEL BOSQUE 
Casa,12500.00, Guadalajara , JARDINES DEL BOSQUE 
Departamento,21500.00, Zapopan , PUERTA DE HIERRO 
Departamento,13000.00, Guadalajara , LADRON DE GUEVARA 
Departamento,7000.00, Tlaquepaque , EL TAPATIO 
Departamento,10000.00, Zapopan , JARDINES DE GUADALUPE 
Departamento,7800.00, Tlajomulco , TULIPANES 
Departamento,39800.00, Guadalajara , COUNTRY CLUB 
Casa,18500.00, Zapopan , BOSQUES VALLARTA 
Casa,8500.00, Zapopan , REAL DEL CAMICHIN 8469 
Casa,13200.00, Zapopan , MIRADOR DE SAN ISIDRO 
Casa,12500.00, Zapopan , MIRADOR SAN ISIDRO 
Casa,15500.00, Zapopan , REAL DE VALDEPEÑAS 
Casa,14000.00, Tlajomulco , VILLA CALIFORNIA 
Departamento,9900.00, Guadalajara , JARDINES DEL SUR 
Casa,33000.00, Zapopan , LOMA REAL 
Departamento,27900.00, Zapopan , VALLE REAL 
Departamento,37000.00, Guadalajara , PRADOS PROVIDENCIA 
Casa,18000.00, Zapopan , VALDEPEÑAS II 
Departamento,11500.00, Zapopan , CIUDAD DE LOS NIÑOS 
Casa,19500.00, Zapopan , JARDIN REAL 
Departamento,15000.00, Zapopan , CIUDAD GRANJA 
Departamento,55000.00, Zapopan , VALLE REAL 
Departamento,63000.00, Guadalajara , COUNTRY CLUB 
Casa,8500.00, Tlajomulco , HACIENDA CASA FUERTE 
Departamento,12000.00, Zapopan , VILLA PUERTA DEL SOL 
Departamento,24500.00, Zapopan , VALLE REAL 
Casa,10500.00, Tlajomulco , SAN AGUSTIN 
Casa,30000.00, Tlajomulco , EL PALOMAR 
Casa,4500.00, Tlajomulco , BANUS 
Departamento,20000.00, Guadalajara , VALLARTA NORTE 
Casa,21000.00, Zapopan , SOARE ACANTIA I 
Casa,20000.00, Zapopan , JOCOTAN 
Casa,25000.00, Zapopan , JARDINES DE GUADALUPE 
Departamento,24000.00, Zapopan , SAN JUAN DE OCOTAN 
Departamento,30000.00, Guadalajara , PRADOS PROVIDENCIA 
Departamento,26750.00, Zapopan , PUERTA DE HIERRO 
Casa,29577.00, Zapopan , VILLA UNIVERSITARIA 
Casa,4800.00, Tlajomulco , VISTAS DE SAN AGUSTIN I 
Casa,7000.00, Zapopan , LA TUZANIA 
Departamento,18000.00, Guadalajara , VALLARTA NORTE 
Departamento,32000.00, Guadalajara , VALLARTA SAN JORGE 
Departamento,14900.00, Zapopan , SOLARES 
Departamento,14000.00, Guadalajara , AMERICANA 
Departamento,13500.00, Zapopan , LOMA BONITA EJIDAL 
Departamento,28000.00, Zapopan , CAMINO REAL 
Departamento,15500.00, Zapopan , CIUDAD GRANJA 
Departamento,16000.00, Guadalajara , JARDINES DEL COUNTRY 
Casa,5500.00, Tlajomulco , LOS ENCINOS 
Casa,17000.00, Zapopan , VALLE IMPERIAL 
Departamento,6500.00, Tlaquepaque , LOMAS DE TLAQUEPAQUE 
Casa,5800.00, Tlajomulco , VALLE DE LAS FLORES 
Departamento,18000.00, Guadalajara , ITALIA PROVIDENCIA 
Departamento,24000.00, Guadalajara , COLOMOS 
Casa,20000.00, Zapopan , CIUDAD DE LOS NIÑOS 
Departamento,18500.00, Zapopan , CIUDAD GRANJA 
Departamento,22500.00, Guadalajara , MONRAZ 
Departamento,14500.00, Guadalajara , PROVIDENCIA 4a SECCION 
Casa,12500.00, Tlaquepaque , SANTA ANITA 
Casa,40000.00, Guadalajara , VICTORIA 
Casa,8500.00, Zapopan , LAS AGUJAS 
Casa,22000.00, Zapopan , CIUDAD BUGAMBILIAS 
Casa,40000.00, Zapopan , RANCHO CONTENTO 
Departamento,6000.00, Tlaquepaque , LAS TERRAZAS 
Departamento,18499.00, Zapopan , JUAN MANUEL VALLARTA 
Casa,38000.00, Zapopan , OLIVOS RESIDENCIAL 
Casa,6600.00, El Salto , PARQUES DEL CASTILLO 
Departamento,12500.00, Guadalajara , AYUNTAMIENTO 
Departamento,60000.00, Guadalajara , COLINAS DE SAN JAVIER 
Casa,14000.00, Zapopan , CIUDAD GRANJA 
Casa,27000.00, Zapopan , JARDINES DE SAN IGNACIO 
Casa,35000.00, Tlajomulco , SAN AGUSTIN 
Casa,45000.00, Tlajomulco , EL PALOMAR 
Departamento,70000.00, Zapopan , PUERTA DE HIERRO 
Casa,45000.00, Zapopan , SANTA ISABEL 
Departamento,17000.00, Guadalajara , AMERICANA 
Departamento,17000.00, Zapopan , VALLE REAL 
Casa,21000.00, Zapopan , VILLAS DE ASIS 
Casa,50000.00, Zapopan , JARDINES DE GUADALUPE 
Casa,7500.00, Tlaquepaque , LORETO 
Departamento,8200.00, Zapopan , VENUSTIANO CARRANZA 
Departamento,12500.00, Zapopan , VALLARTA LA PATRIA 
Departamento,20400.00, Guadalajara , AMERICANA 
Departamento,12500.00, Zapopan , REAL VALLARTA 
Casa,14500.00, Zapopan , CIUDAD GRANJA 
Departamento,19000.00, Guadalajara , COLOMOS 
Casa,12000.00, Tlajomulco , BOSQUE REAL DE SANTA ANITA 
Departamento,6500.00, Guadalajara , MAGAÑA 
Casa,4200.00, Tlajomulco , REAL DEL VALLE 
Departamento,31950.00, Guadalajara , COUNTRY CLUB 
Departamento,9000.00, Zapopan , SANTA ANA TEPETITLAN 
Departamento,66000.00, Guadalajara , COLINAS DE SAN JAVIER 
Casa,25800.00, Zapopan , CIUDAD DEL SOL 
Departamento,21000.00, Guadalajara , ARCOS VALLARTA 
Casa,16000.00, Tlajomulco , SAN MARTIN DEL TAJO 
Departamento,28500.00, Guadalajara , PRADOS PROVIDENCIA 
Departamento,43000.00, Zapopan , PUERTA DE HIERRO 
Casa,20000.00, Zapopan , CIUDAD GRANJA 
Casa,24000.00, Zapopan , JARDINES DEL VALLE 
Casa,8000.00, Tlajomulco , SAN AGUSTIN 
Casa,45000.00, Guadalajara , MEZQUITAN 
Departamento,25000.00, Guadalajara , ARCOS VALLARTA 
Departamento,15500.00, Guadalajara , PROVIDENCIA 4a SECCION 
Departamento,26000.00, Zapopan , VALLE REAL 
Casa,12000.00, Tlajomulco , SENDERO DE LAS MORAS 
Casa,12000.00, Zapopan , CAÑADAS DE SAN LORENZO 
Casa,75000.00, Zapopan , PUERTA DEL BOSQUE 
Casa,12000.00, Zapopan , SANTA ANA TEPETITLAN 
Casa,18600.00, Tlajomulco , LOMAS DE SANTA ANITA 
Casa,12000.00, Tlajomulco , SAN AGUSTIN 
Casa,24000.00, Guadalajara , LADRON DE GUEVARA 
Casa,15000.00, Zapopan , VALLE IMPERIAL 
Casa,8000.00, Tlajomulco , VILLA CALIFORNIA 
Casa,15000.00, Zapopan , JARDIN REAL 
Casa,9000.00, Tlajomulco , VILLA CALIFORNIA 
Casa,34000.00, Zapopan , PUERTA DEL TULE 
Casa,20000.00, Zapopan , VALLE IMPERIAL 
Departamento,18000.00, Zapopan , PINAR DE LA CALMA 
Departamento,65000.00, Zapopan , PUERTA DE HIERRO 
Casa,12900.00, Tlajomulco , BOSQUE REAL DE SANTA ANITA 
Departamento,19900.00, Guadalajara , JARDINES DEL BOSQUE 
Departamento,23000.00, Guadalajara , COLOMOS PROVIDENCIA 
Casa,20000.00, Zapopan , VIRREYES 
Departamento,16000.00, Guadalajara , PROVIDENCIA 3a SECCION 
Casa,8500.00, Zapopan , CANTERAS DEL CENTINELA 
Departamento,45560.00, Zapopan , PUERTA DE HIERRO 
Departamento,21000.00, Guadalajara , TERRANOVA 
Departamento,24000.00, Zapopan , PUERTA DE HIERRO 
Departamento,64500.00, Zapopan , PUERTA DE HIERRO 
Casa,75000.00, Zapopan , VALLE REAL 
Departamento,9000.00, Zapopan , PLAZA GUADALUPE 
Departamento,37500.00, Guadalajara , PROVIDENCIA 2a SECCION 
Casa,63000.00, Zapopan , VALLE REAL 
Casa,80000.00, Guadalajara , COLINAS DE SAN JAVIER 
Departamento,24000.00, Guadalajara , COUNTRY CLUB 
Casa,30800.00, Zapopan , LOMAS ALTAS 
Departamento,27000.00, Zapopan , CIMA REAL 
Casa,7000.00, Zapopan , ALTAMIRA 
Casa,8000.00, Tlajomulco , CORTIJO SAN AGUSTIN 
Departamento,11500.00, Zapopan , JARDINES UNIVERSIDAD 
Casa,23000.00, Tlajomulco , SAN MARTIN DEL TAJO 
Departamento,19000.00, Zapopan , LOMAS ALTAS 
Departamento,22000.00, Zapopan , LOMAS ALTAS 
Casa,25000.00, Zapopan , VALLE IMPERIAL 
Departamento,9500.00, Guadalajara , VILLAS DE SAN JUAN 
Casa,39500.00, Tlajomulco , EL PALOMAR 
Departamento,25000.00, Guadalajara , COLINAS DE SAN JAVIER 
Departamento,21000.00, Zapopan , HACIENDA DE LAS LOMAS 
Departamento,15000.00, Guadalajara , JARDINES DEL BOSQUE 
Casa,7100.00, Tlajomulco , EL ORIGEN RESIDENCIAL 
Casa,36000.00, Zapopan , BASE AEREA MILITAR NO 5 
Departamento,7500.00, Guadalajara , QUINTA VELARDE 
Casa,10000.00, Tlajomulco , VILLA CALIFORNIA 
Casa,8000.00, Tlajomulco , BANUS 
Casa,18000.00, Zapopan , JARDINES VALLARTA 
Casa,5500.00, Tlaquepaque , VILLAS FONTANA 
Departamento,30000.00, Guadalajara , LADRON DE GUEVARA 
Casa,14500.00, Zapopan , VALLE IMPERIAL 
Casa,18000.00, Zapopan , JARDIN REAL 
Casa,26000.00, Zapopan , ARCOS DE GUADALUPE 
Casa,13000.00, Tlajomulco , BOSQUES DE SANTA ANITA 
Casa,4500.00, Tlaquepaque , TRES PINOS 
Departamento,22000.00, Zapopan , ATLAS CHAPALITA 
Casa,19000.00, Zapopan , CIUDAD BUGAMBILIAS 
Casa,22000.00, Zapopan , CIUDAD GRANJA 
Casa,9000.00,Zapopan,LOMAS DE ZAPOPAN
Departamento,18000.00, Zapopan , CHAPALITA ORIENTE 
Casa,37000.00, Zapopan , PINAR DE LA VENTA 
Departamento,65000.00, Zapopan , LOMAS ALTAS 
Casa,27000.00, Zapopan , VALLE REAL 
Casa,30000.00, Zapopan , JARDINES UNIVERSIDAD 
Casa,28000.00, Tlajomulco , EL MANANTIAL 
Casa,70000.00, Zapopan , LOMAS DEL VALLE 
Departamento,32500.00, Guadalajara , COUNTRY CLUB 
Departamento,25000.00, Guadalajara , LADRON DE GUEVARA 
Casa,15000.00, Zapopan , LA GIRALDA 
Casa,35000.00, Guadalajara , VALLARTA PONIENTE 
Departamento,8850.00, Guadalajara , LA AURORA 
Casa,7900.00, Tlajomulco , PONTEVEDRA 
Departamento,10500.00, Guadalajara , MODERNA 
Departamento,16000.00, Guadalajara , JARDINES ALCALDE 
Casa,7000.00, Tlajomulco , VILLA CALIFORNIA 
Departamento,27000.00, Guadalajara , OBRERA 
Departamento,32900.00, Zapopan , PUERTA DE HIERRO 
Departamento,15000.00, Guadalajara , LADRON DE GUEVARA 
Casa,26000.00, Zapopan , VALLE REAL 
Casa,69000.00, Zapopan , PUERTA DE HIERRO 
Departamento,26000.00, Guadalajara , ARCOS VALLARTA 
Casa,16000.00, Zapopan , LOS ALMENDROS 
Departamento,22000.00, Guadalajara , PROVIDENCIA 
Departamento,20000.00, Guadalajara , VERDE VALLE 
Casa,10200.00, Tlajomulco , HACIENDA CASA FUERTE 
Casa,21000.00, Zapopan , VIRREYES 
Casa,25000.00, Zapopan , PARQUE REGENCY 
Departamento,25000.00, Zapopan , LA CIMA 
Casa,30000.00, Zapopan , VALLE REAL 
Casa,13500.00, Zapopan , CIUDAD GRANJA 
Departamento,26500.00, Zapopan , LOMAS ALTAS 
Casa,20700.00, Zapopan , JARDIN REAL 
Departamento,19500.00, Zapopan , DEL PARQUE 
Departamento,25000.00, Guadalajara , AYUNTAMIENTO 
Departamento,22000.00, Zapopan , CIMA REAL 
Casa,13000.00, Tlaquepaque , VALLE BALCONES DE SANTA MARIA 
Casa,12500.00, Tlajomulco , BELLATERRA 
Departamento,15500.00, Guadalajara , PRADOS PROVIDENCIA 
Casa,17000.00, Guadalajara , LOMAS DE GUEVARA 
Departamento,28000.00, Guadalajara , AMERICANA 
Departamento,35000.00, Guadalajara , PRADOS PROVIDENCIA 
Casa,11000.00, Zapopan , DEL PARQUE 
Departamento,21000.00, Guadalajara , LADRON DE GUEVARA 
Departamento,40000.00, Zapopan , PUERTA DE HIERRO 
Casa,22000.00, Zapopan , LAS FUENTES 
Departamento,17000.00, Tlaquepaque , PAISAJES DEL TESORO 
Casa,40000.00, Zapopan , PINAR DE LA VENTA 
Departamento,26000.00, Guadalajara , LOMAS DE PROVIDENCIA 
Departamento,18000.00, Guadalajara , JARDINES DEL COUNTRY 
Departamento,35000.00, Zapopan , LOMA REAL 
Casa,13500.00, Zapopan , REAL DE VALDEPEÑAS 
Casa,7900.00, Tlajomulco , PONTEVEDRA 
Casa,5950.00, Tlaquepaque , GEO VILLAS LOS OLIVOS III 
Casa,18500.00, Tlajomulco , SENDEROS DE MONTE VERDE 
Casa,15000.00, Tlajomulco , EL PALOMAR 
Casa,16000.00, Zapopan , LA CIMA 
Departamento,21000.00, Zapopan , CHAPALITA ORIENTE 
Casa,45000.00, Guadalajara , AMERICANA 
Departamento,17800.00, Zapopan , LOMAS ALTAS 
Casa,21500.00, Zapopan , SOLARES 
Casa,18000.00, Zapopan , PLAZA GUADALUPE 
Casa,25000.00, Zapopan , LA ESTANCIA 
Departamento,16900.00, Guadalajara , AMERICANA 
Departamento,23500.00, Guadalajara , COLINAS DE SAN JAVIER 
Departamento,20000.00, Zapopan , VALLARTA UNIVERSIDAD 
Departamento,8900.00, Zapopan , CAÑADAS DE SAN LORENZO 
Casa,15000.00, Zapopan , CIUDAD BUGAMBILIAS 
Casa,14000.00, Zapopan , VALLE IMPERIAL 
Casa,35000.00, Zapopan , LOMAS DEL VALLE 
Departamento,31900.00, Zapopan , PUERTA DE HIERRO 
Departamento,19000.00, Guadalajara , LADRON DE GUEVARA 
Casa,65500.00, Zapopan , PUERTA DE HIERRO 
Departamento,13000.00, Zapopan , AGRARIA 
Casa,45000.00, Zapopan , PUERTA DEL BOSQUE 
Casa,21000.00, Zapopan , JUAN MANUEL VALLARTA 
Casa,7000.00, Zapopan , EL FORTIN 
Departamento,9200.00, Zapopan , LOMAS DEL BATAN 
Departamento,20000.00, Guadalajara , CHAPALITA 
Casa,22000.00, Zapopan , PASEOS DEL SOL 
Casa,19000.00, Zapopan , SOLARES 
Departamento,19500.00, Zapopan , JARDINES UNIVERSIDAD 
Casa,16000.00, Tlajomulco , SENDEROS DE MONTE VERDE 
Casa,45000.00, Zapopan , LAS FLORES 
Departamento,30000.00, Zapopan , CAMINO REAL 
Departamento,18000.00, Guadalajara , ZONA CENTRO 
Casa,17000.00, Tlajomulco , REAL DE BOSQUE 
Departamento,28000.00, Guadalajara , COLOMOS PROVIDENCIA 
Casa,35000.00, Tlajomulco , EL CIELO COUNTRY CLUB 
Departamento,35250.00, Guadalajara , COUNTRY CLUB 
Departamento,8500.00, Zapopan , SANTA ISABEL 
Departamento,19800.00, Guadalajara , LOMAS DE GUEVARA 
Casa,9000.00, Tlajomulco , FORESTA SANTA ANITA 
Departamento,29000.00, Guadalajara , COUNTRY CLUB 
Casa,16500.00, Zapopan , LOMA BONITA 
Departamento,24700.00, Zapopan , VALLE REAL 
Departamento,25500.00, Zapopan , LOMAS ALTAS 
Departamento,21000.00, Zapopan , VALLE REAL 
Casa,3500.00, Zapopan , TABACHINES 
Casa,18500.00, Zapopan , BOSQUES DE SAN ISIDRO (LAS CAÑADAS) 
Departamento,13500.00, Zapopan , PRADOS GUADALUPE 
Departamento,26000.00, Guadalajara , PROVIDENCIA 
Casa,38500.00, Zapopan , CIUDAD DEL SOL 
Casa,10000.00, Zapopan , EL FORTIN 
Casa,34500.00, Zapopan , LOMAS DEL VALLE 
Departamento,15500.00, Zapopan , GUADALUPE 
Casa,7200.00, Zapopan , PINAR DE LA CALMA 
Casa,9800.00, Zapopan , COLINAS DE LAS AGUILAS 
Departamento,10000.00, Guadalajara , JUAN MANUEL 
Departamento,21000.00, Zapopan , CIMA REAL 
Departamento,18000.00, Zapopan , CIUDAD GRANJA 
Departamento,16000.00, Guadalajara , CENTRO 
Departamento,9200.00, Zapopan , JARDINES UNIVERSIDAD 
Departamento,26000.00, Guadalajara , ARCOS VALLARTA 
Casa,20000.00, Guadalajara , CHAPALITA 
Casa,34000.00, Zapopan , LOMAS DEL VALLE 
Casa,9400.00, Zapopan , VILLAS DEL TEPEYAC 
Departamento,8500.00, Guadalajara , PARQUES DEL NILO I 
Casa,18500.00, Guadalajara , ARCOS VALLARTA 
Departamento,41000.00, Zapopan , PUERTA DE HIERRO 
Casa,20000.00, Zapopan , CIUDAD DE LOS NIÑOS 
Departamento,12000.00, Zapopan , CIUDAD DEL SOL 
Departamento,75000.00, Zapopan , PUERTA DE HIERRO 
Casa,15500.00, Tlajomulco , DEL PILAR RESIDENCIAL 
Departamento,23000.00, Guadalajara , VALLARTA NORTE 
Casa,13000.00, Tlaquepaque , SANTA ANITA 
Casa,9500.00, Tlajomulco , BONANZA 
Departamento,39000.00, Guadalajara , COUNTRY CLUB 
Casa,25000.00, Guadalajara , ZONA CENTRO 
Casa,17000.00, Zapopan , PRADOS GUADALUPE 
Casa,27000.00, Guadalajara , JARDINES DEL BOSQUE 
Departamento,2300.00, El Salto , CENTRO 
Casa,11500.00, Zapopan , VILLAS DEL IXTEPETE 
Casa,19500.00, Zapopan , BOSQUES VALLARTA 
Casa,40000.00, Zapopan , LOS PINOS 
Casa,33000.00, Zapopan , CIUDAD DEL SOL 
Casa,12500.00, Tlajomulco , ARBOLADA BOSQUES DE SANTA ANITA 
Departamento,12500.00, Zapopan , EL COLLI URBANO 
Casa,17000.00, Tlajomulco , LOMAS DE SANTA ANITA 
Departamento,38000.00, Guadalajara , AMERICANA 
Casa,14000.00, Zapopan , DE LOS PINOS 
Casa,10000.00, Tlajomulco , COLINAS DE SANTA ANITA 
Departamento,36000.00, Zapopan , PUERTA DE HIERRO 
Casa,7000.00, Tlaquepaque , TOLUQUILLA 
Departamento,16650.00, Guadalajara , ARCOS VALLARTA 
Departamento,17000.00, Guadalajara , JARDINES DEL BOSQUE 
Casa,7800.00, Tlajomulco , CORTIJO SAN AGUSTIN 
Departamento,13900.00, Guadalajara , JARDINES DEL BOSQUE 
Departamento,7000.00, Zapopan , PASEOS DEL SOL 
Casa,34600.00, Zapopan , PUERTA DEL TULE 
Departamento,27000.00, Guadalajara , COLINAS DE SAN JAVIER 
Casa,27000.00, Zapopan , JARDIN REAL 
Departamento,15500.00, Guadalajara , CHAPALITA 
Departamento,17000.00, Zapopan , CAMINO REAL 
Casa,11500.00, Zapopan , MIGUEL DE LA MADRID 
Departamento,21000.00, Guadalajara , COLINAS DE SAN JAVIER 
Casa,25000.00, Zapopan , PARQUE DE LA CASTELLANA 
Casa,18000.00, Guadalajara , JARDINES DE LA CRUZ 
Departamento,30000.00, Zapopan , LOMAS ALTAS 
Departamento,37500.00, Zapopan , PUERTA DE HIERRO 
Departamento,33000.00, Zapopan , SIN NOMBRE 
Casa,23500.00, Zapopan , VALEIRA 
Departamento,35000.00, Zapopan , LOMAS ALTAS 
Departamento,16500.00, Zapopan , VILLA UNIVERSITARIA 
Departamento,4500.00, Guadalajara , DEL FRESNO 
Casa,17000.00, Zapopan , PASEOS UNIVERSIDAD 
Departamento,19900.00, Guadalajara , ARCOS VALLARTA 
Departamento,40250.00, Guadalajara , COUNTRY CLUB 
Departamento,22900.00, Guadalajara , VALLARTA NORTE 
Departamento,25000.00, Zapopan , CIUDAD GRANJA 
Casa,14000.00, Zapopan , CIUDAD GRANJA 
Departamento,23000.00, Guadalajara , ARCOS VALLARTA 
Departamento,28500.00, Guadalajara , MONRAZ 
Departamento,23000.00, Guadalajara , PROVIDENCIA 
Departamento,23000.00, Zapopan , ALTAMIRA 
Casa,21500.00, Zapopan , SOLARES 
Departamento,19500.00, Guadalajara , COLINAS DE SAN JAVIER 
Departamento,25500.00, Guadalajara , COUNTRY CLUB 
Departamento,29000.00, Guadalajara , COUNTRY CLUB 
Departamento,26000.00, Guadalajara , PROVIDENCIA 3a SECCION 
Departamento,7000.00, Zapopan , PASEOS DEL SOL 
Departamento,12500.00, Guadalajara , LOMAS DE PROVIDENCIA 
Departamento,17000.00, Guadalajara , LADRON DE GUEVARA 
Departamento,10500.00, Zapopan , COLINAS DEL REY 
Casa,8000.00, Tlajomulco , SAN AGUSTIN 
Casa,13500.00, Zapopan , PUERTA LAUREL 
Departamento,32000.00, Guadalajara , PRADOS PROVIDENCIA 
Casa,16500.00, Zapopan , JARDINES DE GUADALUPE 
Casa,16000.00, Tlajomulco , BOSQUES DE SANTA ANITA 
Departamento,50000.00, Zapopan , PUERTA DE HIERRO 
Departamento,25000.00, Zapopan , JARDINES DE SAN IGNACIO 
Departamento,10500.00, Zapopan , REAL VALLARTA 
Casa,10000.00, Tlajomulco , VILLA CALIFORNIA 
Casa,16000.00, Zapopan , BOSQUES DE SAN ISIDRO (LAS CAÑADAS) 
Casa,18500.00, Zapopan , LOMAS ALTAS 
Casa,22000.00, Zapopan , CIUDAD DE LOS NIÑOS 
Casa,22000.00, Zapopan , PASEOS DEL SOL 
Casa,25000.00, Zapopan , VALLE ESMERALDA 
Casa,16000.00, Zapopan , PINAR DE LA CALMA 
Departamento,10400.00, Zapopan , VILLA UNIVERSITARIA 
Departamento,22900.00, Zapopan , LOMAS DEL VALLE 
Departamento,45000.00, Guadalajara , VALLARTA SAN JORGE 
Departamento,63000.00, Guadalajara , COUNTRY CLUB 
Departamento,25000.00, Zapopan , LOMAS DEL VALLE 
Casa,25000.00, Tlajomulco , EL PALOMAR 
Departamento,22000.00, Zapopan , LOMAS DEL VALLE 
Departamento,5000.00, Zapopan , JUAN MANUEL VALLARTA 
Departamento,18000.00, Guadalajara , JARDINES DEL BOSQUE 
Departamento,23000.00, Guadalajara , LADRON DE GUEVARA 
Casa,18000.00, Zapopan , LOS ALMENDROS 
Departamento,18000.00, Guadalajara , PROVIDENCIA 
Departamento,18000.00, Zapopan , ARCOS DE GUADALUPE 
Casa,46400.00, Zapopan , VALLARTA UNIVERSIDAD 
Departamento,17650.00, Zapopan , CIUDAD GRANJA 
Departamento,27500.00, Guadalajara , COLOMOS PROVIDENCIA 
Casa,27000.00, Zapopan , VILLA UNIVERSITARIA 
Departamento,18000.00, Zapopan , CIUDAD GRANJA 
Casa,15000.00, Zapopan , LOMA BONITA 
Casa,20000.00, Zapopan , SOLARES 
Casa,5700.00, Tlaquepaque , LAS TERRAZAS 
Casa,22000.00, Zapopan , JARDINES DEL SOL 
Casa,22900.00, Zapopan , SOLARES 
Departamento,3300.00, Zapopan , JARDINES SAN FRANCISCO 
Departamento,28500.00, Guadalajara , MONRAZ 
Casa,5400.00, Tlaquepaque , VILLAS FONTANA 
Casa,3300.00, Zapopan , JARDINES SAN FRANCISCO 
Departamento,21500.00, Guadalajara , AMERICANA 
Departamento,19700.00, Guadalajara , AYUNTAMIENTO 
Departamento,24000.00, Guadalajara , PROVIDENCIA 2a SECCION 
Casa,18700.00, Zapopan , CIUDAD GRANJA 
Casa,39000.00, Zapopan , LOS OLIVOS 
Casa,27000.00, Zapopan , JARDINES DE SAN IGNACIO 
Casa,13000.00, Tlajomulco , ARBOLADA BOSQUES DE SANTA ANITA 
Departamento,22000.00, Zapopan , ARCOS DE GUADALUPE 
Departamento,70000.00, Zapopan , PUERTA DE HIERRO 
Casa,5500.00, Zapopan , SANTA MARGARITA RESIDENCIAL 
Departamento,11500.00, Zapopan , CIUDAD GRANJA 
Departamento,18000.00, Zapopan , DEL PARQUE 
Departamento,18500.00, Zapopan , ATLAS CHAPALITA 
Departamento,25000.00, Zapopan , ATLAS CHAPALITA 
Casa,11900.00, Zapopan , PRADOS VALLARTA 
Casa,3500.00, Zapopan , LOMAS DE ZAPOPAN 
Departamento,19000.00, Guadalajara , VALLARTA NORTE 
Departamento,14500.00, Zapopan , CIUDAD GRANJA 
Casa,25000.00, Zapopan , BOSQUES DEL CENTINELA 
Departamento,14900.00, Zapopan , CIUDAD GRANJA 
Casa,50000.00, Zapopan , RANCHO CONTENTO 
Departamento,17500.00, Zapopan , PRADOS GUADALUPE 
Departamento,18950.00, Guadalajara , AMERICANA 
Departamento,16000.00, Zapopan , LA CALMA 
Casa,13500.00, Tlajomulco , NUEVA GALICIA 
Casa,22000.00, Zapopan , LA PATRIA UNIVERSIDAD 
Departamento,25000.00, Guadalajara , PROVIDENCIA 2a SECCION 
Casa,8900.00, Zapopan , NUEVO MEXICO 
Casa,38000.00, Zapopan , PUERTA DEL ROBLE 
Departamento,11500.00, Guadalajara , MEZQUITAN COUNTRY 
Casa,25000.00, Zapopan , JARDINES DEL SOL 
Casa,10400.00, Zapopan , LOMA BONITA 
Departamento,27000.00, Zapopan , JUAN MANUEL VALLARTA 
Departamento,21500.00, Zapopan , JARDINES DE LA PATRIA 
Casa,26000.00, Tlaquepaque , LOMAS DE LA VICTORIA 
Departamento,15000.00, Guadalajara , PROVIDENCIA 3a SECCION 
Casa,23000.00, Tlajomulco , LOS GAVILANES 
Departamento,9500.00, Zapopan , CHAPALITA ORIENTE 
Departamento,33500.00, Guadalajara , PROVIDENCIA 2a SECCION 
Departamento,5500.00, Guadalajara , MIRADOR 
Departamento,33000.00, Guadalajara , VALLARTA SAN JORGE 
Departamento,22000.00, Guadalajara , PRADOS PROVIDENCIA 
Departamento,32000.00, Guadalajara , PROVIDENCIA 
Departamento,11000.00, Guadalajara , AMERICANA 
Departamento,29400.00, Guadalajara , PRADOS PROVIDENCIA 
Departamento,11000.00, Guadalajara , PRADOS PROVIDENCIA 
Departamento,22500.00, Guadalajara , COLOMOS PROVIDENCIA 
Departamento,25750.00, Guadalajara , COUNTRY CLUB 
Departamento,47500.00, Zapopan , PUERTA DE HIERRO 
Departamento,38000.00, Zapopan , LOMAS ALTAS 
Departamento,14900.00, Guadalajara , AMERICANA 
Casa,27000.00, Zapopan , VILLA UNIVERSITARIA 
Casa,46400.00, Zapopan , VALLARTA UNIVERSIDAD 
Departamento,15000.00, Zapopan , CIUDAD BUGAMBILIAS 
Casa,100000.00, Zapopan , CENTRO 
Casa,9200.00, Tlajomulco , VILLA CALIFORNIA 
Departamento,18500.00, Guadalajara , JARDINES DEL BOSQUE 
Departamento,40000.00, Guadalajara , PRADOS PROVIDENCIA 
Departamento,27000.00, Guadalajara , LADRON DE GUEVARA 
Casa,7800.00, Tlajomulco , VALLE DE LAS FLORES 
Casa,28000.00, Zapopan , VALLE REAL 
Departamento,16000.00, Zapopan , VALLE REAL 
Departamento,21000.00, Guadalajara , VALLARTA NORTE 
Departamento,36000.00, Guadalajara , COUNTRY CLUB 
Casa,7500.00, Tlajomulco , GEOVILLAS LA ARBOLADA 
Departamento,20400.00, Guadalajara , AMERICANA 
Casa,14000.00, Zapopan , LOMA BONITA 
Departamento,4500.00, Zapopan , LAGO REAL 
Casa,15400.00, Zapopan , TEPEYAC DEL SOL 
Casa,60000.00, Zapopan , JARDINES DEL SOL 
Casa,10000.00, Zapopan , MISION DEL BOSQUE 
Casa,20000.00, Tlajomulco , SAN MARTIN DEL TAJO 
Departamento,16000.00, Guadalajara , COLOMOS PROVIDENCIA 
Casa,10500.00, Tlajomulco , HACIENDA CASA FUERTE 
Departamento,35000.00, Zapopan , CIMA REAL 
Departamento,75000.00, Guadalajara , COLOMOS PROVIDENCIA 
Departamento,20000.00, Guadalajara , PROVIDENCIA 3a SECCION 
Casa,12000.00, Tlajomulco , REAL DE BOSQUE 
Departamento,8500.00, Zapopan , LOMAS DE ZAPOPAN 
Departamento,39000.00, Guadalajara , CHAPALITA 
Casa,30000.00, Tlaquepaque , LA ASUNCION 
Casa,14000.00, Tlajomulco , LOMAS DE SAN AGUSTIN 
Casa,75000.00, Zapopan , VALLARTA UNIVERSIDAD 
Casa,8600.00, Zapopan , VALLE DE SAN ISIDRO 
Departamento,31000.00, Zapopan , LOMAS ALTAS 
Casa,11500.00, Tlajomulco , REAL DE SAN IGNACIO 
Departamento,43000.00, Zapopan , PUERTA DE HIERRO 
Casa,8500.00, Zapopan , COTO ANTARA 
Casa,17800.00, Guadalajara , JARDINES DE LA CRUZ 
Departamento,27100.00, Guadalajara , COUNTRY CLUB 
Departamento,12750.00, Tlajomulco , DEL PILAR RESIDENCIAL 
Casa,18000.00, Zapopan , LA CALMA 
Departamento,38000.00, Guadalajara , COUNTRY CLUB 
Departamento,20000.00, Zapopan , LOMA BONITA 
Departamento,26000.00,Guadalajara,PROVIDENCIA
Departamento,25000.00, Guadalajara , OBRERA 
Departamento,13500.00, Zapopan , CIUDAD GRANJA 
Casa,26000.00, Tlajomulco , LOS GAVILANES PONIENTE 
Departamento,12000.00, Zapopan , CHAPALITA SUR 
Casa,9700.00, Zapopan , SANTA ANA TEPETITLAN 
Departamento,20000.00, Guadalajara , AYUNTAMIENTO 
Departamento,17000.00, Zapopan , LA CALMA 
Casa,17500.00, Zapopan , CIUDAD GRANJA 
Departamento,33000.00, Guadalajara , MONRAZ 
Departamento,4300.00, Guadalajara , COLON 
Casa,35000.00, Tlajomulco , EL MANANTIAL 
Casa,35000.00, Zapopan , ARAUCA I 
Departamento,2000.00, Zapopan , VALLE DE LOS MOLINOS 
Casa,60000.00, Zapopan , VALLE REAL 
Casa,17000.00, Zapopan , LOMA BONITA 
Departamento,20000.00, Zapopan , CAMINO REAL 
Departamento,29000.00, Zapopan , PUERTA DE PLATA 
Casa,26000.00, Zapopan , ALTAMIRA 
Departamento,75000.00, Guadalajara , PROVIDENCIA 
Departamento,6000.00, Guadalajara , JARDINES DE LA CRUZ 
Casa,21500.00, Zapopan , JARDINES DE GUADALUPE 
Departamento,28000.00, Guadalajara , COUNTRY CLUB 
Casa,8700.00, Tlaquepaque , LAS POMAS 
Departamento,22500.00, Guadalajara , MONRAZ 
Departamento,20000.00, Guadalajara , JARDINES DEL BOSQUE 
Casa,21500.00, Zapopan , SOLARES ANTARA 
Departamento,14500.00, Zapopan , PLAZA GUADALUPE 
Casa,18500.00, Zapopan , CIUDAD GRANJA 
Departamento,17800.00, Guadalajara , AYUNTAMIENTO 
Casa,15000.00, Guadalajara , PROVIDENCIA 
Departamento,10500.00, Tlajomulco , EL PALOMAR 
Casa,13900.00, Tlajomulco , BOSQUES DE SANTA ANITA 
Departamento,10000.00, Guadalajara , LOMAS DEL PARAISO I 
Departamento,28000.00, Guadalajara , COLINAS DE SAN JAVIER 
Casa,7500.00, Tlajomulco , ELEMENT 
Casa,11000.00, Tlajomulco , LOMAS DE SANTA ANITA 
Casa,25000.00, Tlajomulco , BOSQUES DE SANTA ANITA 
Departamento,31000.00, Zapopan , COLINAS DE SAN JAVIER 
Casa,13500.00, Guadalajara , COLON INDUSTRIAL 
Departamento,28000.00, Zapopan , DEL PARQUE 
Departamento,10000.00, Zapopan , CONJUNTO PATRIA 
Casa,26000.00, Tlajomulco , EL MANANTIAL 
Casa,26000.00, Zapopan , BOSQUES DE SAN ISIDRO (LAS CAÑADAS) 
Departamento,13000.00, Guadalajara , ARCOS VALLARTA 
Departamento,22000.00, Guadalajara , COUNTRY CLUB 
Departamento,18700.00, Zapopan , ATLAS CHAPALITA 
Departamento,26000.00, Guadalajara , ARCOS VALLARTA 
Departamento,17500.00, Zapopan , ALTAMIRA 
Casa,7000.00, Zapopan , VILLA MAGNA 
Departamento,60000.00, Guadalajara , COUNTRY CLUB 
Casa,13000.00, Tlaquepaque , LAS VEGAS 
Departamento,18000.00, Guadalajara , PROVIDENCIA 4a SECCION 
Departamento,28500.00, Guadalajara , COUNTRY CLUB 
Casa,13200.00, Tlajomulco , ARBOLADA BOSQUES DE SANTA ANITA 
Casa,8000.00, Zapopan , NUEVO MEXICO 
Casa,13500.00, Tlajomulco , DEL PILAR RESIDENCIAL 
Departamento,16500.00, Guadalajara , AMERICANA 
Departamento,19000.00, Zapopan , LOMA BONITA 
Casa,12000.00, Zapopan , REAL DE VALDEPEÑAS 
Departamento,36000.00, Guadalajara , COUNTRY CLUB 
